[
{
    "model": "contenttypes.contenttype",
    "pk": 1,
    "fields": {
        "app_label": "admin",
        "model": "logentry"
    }
},
{
    "model": "contenttypes.contenttype",
    "pk": 2,
    "fields": {
        "app_label": "auth",
        "model": "permission"
    }
},
{
    "model": "contenttypes.contenttype",
    "pk": 3,
    "fields": {
        "app_label": "auth",
        "model": "group"
    }
},
{
    "model": "contenttypes.contenttype",
    "pk": 4,
    "fields": {
        "app_label": "auth",
        "model": "user"
    }
},
{
    "model": "contenttypes.contenttype",
    "pk": 5,
    "fields": {
        "app_label": "contenttypes",
        "model": "contenttype"
    }
},
{
    "model": "contenttypes.contenttype",
    "pk": 6,
    "fields": {
        "app_label": "sessions",
        "model": "session"
    }
},
{
    "model": "contenttypes.contenttype",
    "pk": 7,
    "fields": {
        "app_label": "students",
        "model": "student"
    }
},
{
    "model": "contenttypes.contenttype",
    "pk": 8,
    "fields": {
        "app_label": "students",
        "model": "group"
    }
},
{
    "model": "contenttypes.contenttype",
    "pk": 9,
    "fields": {
        "app_label": "students",
        "model": "exam"
    }
},
{
    "model": "contenttypes.contenttype",
    "pk": 10,
    "fields": {
        "app_label": "students",
        "model": "result"
    }
},
{
    "model": "contenttypes.contenttype",
    "pk": 11,
    "fields": {
        "app_label": "students",
        "model": "monthjournal"
    }
},
{
    "model": "sessions.session",
    "pk": "zi6blrm9yw07k9g7rhk5tqh4z99oi1iv",
    "fields": {
        "session_data": "ZmNiYTVjYmI5NDZjZmEzOTI2MzViNDFlZTBhMzJhNGE2MTQ3OThlODp7Il9hdXRoX3VzZXJfaGFzaCI6IjllYTZlODc3ZTQyNTc2MmM2ODNlZTUyODg3YTllZGQxNWJlMDhhZWQiLCJfYXV0aF91c2VyX2JhY2tlbmQiOiJkamFuZ28uY29udHJpYi5hdXRoLmJhY2tlbmRzLk1vZGVsQmFja2VuZCIsIl9hdXRoX3VzZXJfaWQiOiIxIn0=",
        "expire_date": "2017-03-06T12:13:28.877Z"
    }
},
{
    "model": "students.student",
    "pk": 1,
    "fields": {
        "first_name": "\u0410\u043d\u0434\u0440\u0456\u0439",
        "last_name": "\u042f\u0440\u043c\u043e\u043b\u0435\u043d\u043a\u043e",
        "middle_name": "\u041c\u0438\u043a\u043e\u043b\u0430\u0439\u043e\u0432\u0438\u0447",
        "birthday": "1989-02-20",
        "photo": "./yarmolenko_Pyc05TY.jpg",
        "ticket": "2123",
        "student_group": 1,
        "notes": "\u0456\u0432\u0456\u0444\u0432\u0456\u0456\u0432\u0441",
        "place_born": ""
    }
},
{
    "model": "students.student",
    "pk": 2,
    "fields": {
        "first_name": "\u0410\u043d\u0434\u0440\u0456\u0439",
        "last_name": "\u0428\u0435\u0432\u0447\u0435\u043d\u043a\u043e",
        "middle_name": "\u041c\u0438\u043a\u043e\u043b\u0430\u0439\u043e\u0432\u0438\u0447",
        "birthday": "1976-05-29",
        "photo": "./shevchenko_KQj494M.jpg",
        "ticket": "7",
        "student_group": 1,
        "notes": "\u041b\u0456\u0434\u0435\u0440 \u0442\u0430 \u043a\u0440\u0430\u0449\u0438\u0439 \u0443\u0447\u0435\u043d\u044c \u0433\u0440\u0443\u043f\u0438",
        "place_born": ""
    }
},
{
    "model": "students.student",
    "pk": 3,
    "fields": {
        "first_name": "\u0420\u0443\u0441\u043b\u0430\u043d",
        "last_name": "\u0420\u043e\u0442\u0430\u043d\u044c",
        "middle_name": "\u041f\u0435\u0442\u0440\u043e\u0432\u0438\u0447",
        "birthday": "1981-10-29",
        "photo": "./rotan_dsVtwIB.jpg",
        "ticket": "14",
        "student_group": 3,
        "notes": "\u0421\u0442\u0430\u0440\u0430\u043d\u043d\u0438\u0439 \u0442\u0430 \u0432\u0456\u0434\u0434\u0430\u043d\u0438\u0439",
        "place_born": ""
    }
},
{
    "model": "students.student",
    "pk": 4,
    "fields": {
        "first_name": "\u041e\u043b\u0435\u043a\u0441\u0430\u043d\u0434\u0440",
        "last_name": "\u041a\u0443\u0447\u0435\u0440",
        "middle_name": "\u041c\u0438\u043a\u043e\u043b\u0430\u0439\u043e\u0432\u0438\u0447",
        "birthday": "1982-11-22",
        "photo": "./kucher_N8Ray7c.jpg",
        "ticket": "5",
        "student_group": 4,
        "notes": "",
        "place_born": ""
    }
},
{
    "model": "students.student",
    "pk": 5,
    "fields": {
        "first_name": "\u041e\u043b\u0435\u043a\u0441\u0430\u043d\u0434\u0440",
        "last_name": "\u0413\u043e\u0440\u044f\u0457\u043d\u043e\u0432",
        "middle_name": "\u0421\u0435\u0440\u0433\u0456\u0439\u043e\u0432\u0438\u0447",
        "birthday": "1975-06-29",
        "photo": "./goryainov_fPjzO4D.jpg",
        "ticket": "29",
        "student_group": 2,
        "notes": "\u0412\u0435\u0442\u0435\u0440\u0430\u043d",
        "place_born": ""
    }
},
{
    "model": "students.student",
    "pk": 6,
    "fields": {
        "first_name": "\u0404\u0432\u0433\u0435\u043d",
        "last_name": "\u041a\u043e\u043d\u043e\u043f\u043b\u044f\u043d\u043a\u0430",
        "middle_name": "\u041e\u043b\u0435\u0433\u043e\u0432\u0438\u0447",
        "birthday": "1989-08-29",
        "photo": "./konoplanka_ckrqNZL.jpg",
        "ticket": "8826",
        "student_group": 3,
        "notes": "",
        "place_born": ""
    }
},
{
    "model": "students.student",
    "pk": 7,
    "fields": {
        "first_name": "\u0410\u043d\u0434\u0440\u0456\u0439",
        "last_name": "\u041f\u044f\u0442\u043e\u0432",
        "middle_name": "\u0412\u0430\u043b\u0435\u0440\u0456\u0439\u043e\u0432\u0438\u0447",
        "birthday": "1984-06-28",
        "photo": "./paitov_nYW4UOD.jpg",
        "ticket": "12",
        "student_group": 4,
        "notes": "",
        "place_born": ""
    }
},
{
    "model": "students.student",
    "pk": 8,
    "fields": {
        "first_name": "\u042f\u0440\u043e\u0441\u043b\u0430\u0432",
        "last_name": "\u0420\u0430\u043a\u0438\u0446\u044c\u043a\u0438\u0439",
        "middle_name": "\u0412\u043e\u043b\u043e\u0434\u0438\u043c\u0438\u0440\u043e\u0432\u0438\u0447",
        "birthday": "1989-08-03",
        "photo": "./rakitski_Ek2pxZj.jpg",
        "ticket": "44",
        "student_group": 4,
        "notes": "",
        "place_born": ""
    }
},
{
    "model": "students.student",
    "pk": 9,
    "fields": {
        "first_name": "\u0420\u043e\u043c\u0430\u043d",
        "last_name": "\u0417\u043e\u0437\u0443\u043b\u044f",
        "middle_name": "\u0412\u044f\u0447\u0435\u0441\u043b\u0430\u0432\u043e\u0432\u0438\u0447",
        "birthday": "1989-11-17",
        "photo": "./zozulia_FtBK0Vs.jpg",
        "ticket": "9",
        "student_group": 3,
        "notes": "",
        "place_born": ""
    }
},
{
    "model": "students.student",
    "pk": 10,
    "fields": {
        "first_name": "\u041e\u043b\u0435\u043a\u0441\u0430\u043d\u0434\u0440",
        "last_name": "\u0428\u043e\u0432\u043a\u043e\u0432\u0441\u044c\u043a\u0438\u0439",
        "middle_name": "\u0412\u043e\u043b\u043e\u0434\u0438\u043c\u0438\u0440\u043e\u0432\u0438\u0447",
        "birthday": "1975-01-02",
        "photo": "./shovkovskyi_0oYd54P.jpg",
        "ticket": "1",
        "student_group": 1,
        "notes": "",
        "place_born": ""
    }
},
{
    "model": "students.student",
    "pk": 11,
    "fields": {
        "first_name": "\u0415\u0434\u043c\u0430\u0440",
        "last_name": "\u0434\u0435 \u041b\u0430\u0441\u0435\u0440\u0434\u0430",
        "middle_name": "\u0413\u0430\u043b\u043e\u0432\u0441\u043a\u0438\u0439",
        "birthday": "1980-06-16",
        "photo": "./edmar_4DnzSEa.jpg",
        "ticket": "8",
        "student_group": 2,
        "notes": "",
        "place_born": ""
    }
},
{
    "model": "students.student",
    "pk": 12,
    "fields": {
        "first_name": "\u041c\u0430\u0440\u043a\u043e",
        "last_name": "\u0414\u0435\u0432\u0438\u0447",
        "middle_name": "",
        "birthday": "1983-10-27",
        "photo": "./devich_e6QfnmO.jpg",
        "ticket": "33",
        "student_group": 2,
        "notes": "",
        "place_born": ""
    }
},
{
    "model": "students.group",
    "pk": 1,
    "fields": {
        "title": "\u041c\u0442\u041c-21",
        "leader": 2,
        "notes": "\u0413\u0440\u0443\u043f\u0430 \u043b\u0456\u0434\u0435\u0440\u0456\u0432",
        "place": "",
        "stud": [
            1,
            2,
            10
        ]
    }
},
{
    "model": "students.group",
    "pk": 2,
    "fields": {
        "title": "\u041c\u0442\u041c-20",
        "leader": 5,
        "notes": "\u0413\u0440\u0443\u043f\u0430 \u0437\u0456 \u0421\u043b\u043e\u0431\u043e\u0436\u0430\u043d\u0449\u0438\u043d\u0438",
        "place": "",
        "stud": [
            5,
            11,
            12
        ]
    }
},
{
    "model": "students.group",
    "pk": 3,
    "fields": {
        "title": "\u041c\u0442\u041c-22",
        "leader": 3,
        "notes": "\u0413\u0440\u0443\u043f\u0430 \u0437 \u0441\u0438\u043b\u044c\u043d\u0438\u043c \u043a\u043e\u043c\u0430\u043d\u0434\u043d\u0438\u043c \u0434\u0443\u0445\u043e\u043c",
        "place": "",
        "stud": [
            3,
            6,
            9
        ]
    }
},
{
    "model": "students.group",
    "pk": 4,
    "fields": {
        "title": "\u041c\u0442\u041c-23",
        "leader": 4,
        "notes": "\u0413\u0440\u0443\u043f\u0430 \u043f\u0435\u0440\u0435\u043c\u043e\u0436\u0446\u0456\u0432 \u0437\u043c\u0430\u0433\u0430\u043d\u044c",
        "place": "",
        "stud": [
            4,
            7,
            8
        ]
    }
},
{
    "model": "students.exam",
    "pk": 1,
    "fields": {
        "science": "\u0412\u0441\u0435\u0441\u0432\u0456\u0442\u043d\u044f \u0406\u0441\u0442\u043e\u0440\u0456\u044f",
        "teacher": "\u0423\u0448\u0430\u043a\u043e\u0432 \u0414.\u041e",
        "date": "2017-02-25T12:00:00Z",
        "gr": 1,
        "place_exam": "5-60"
    }
},
{
    "model": "students.exam",
    "pk": 2,
    "fields": {
        "science": "\u0406\u043d\u043e\u0437\u0435\u043c\u043d\u0430 \u043c\u043e\u0432\u0430",
        "teacher": "\u041c\u0430\u0446\u043a\u0435\u0432\u0438\u0447 \u0412.\u0412",
        "date": "2017-03-02T10:30:00Z",
        "gr": 2,
        "place_exam": ""
    }
},
{
    "model": "students.exam",
    "pk": 3,
    "fields": {
        "science": "\u0406\u043d\u0444\u043e\u0440\u043c\u0430\u0442\u0438\u043a\u0430",
        "teacher": "\u0422\u0443\u0440\u0447\u0438\u043d\u0430 \u0406.\u041e",
        "date": "2017-03-03T11:00:00Z",
        "gr": 3,
        "place_exam": ""
    }
},
{
    "model": "students.exam",
    "pk": 4,
    "fields": {
        "science": "\u0406\u0441\u0442\u043e\u0440\u0456\u044f \u0423\u043a\u0440\u0430\u0457\u043d\u0438",
        "teacher": "\u0416\u0443\u0440\u0430\u0432\u043b\u0435\u0432 \u0414.\u0412",
        "date": "2017-03-04T10:00:00Z",
        "gr": 4,
        "place_exam": ""
    }
},
{
    "model": "students.result",
    "pk": 1,
    "fields": {
        "exams": 1,
        "groups": 1,
        "students": 1,
        "results_exam": "75 \u0431\u0430\u043b\u0456\u0432 - \u0434\u043e\u0431\u0440\u0435",
        "credit": ""
    }
},
{
    "model": "students.result",
    "pk": 2,
    "fields": {
        "exams": 2,
        "groups": 2,
        "students": 11,
        "results_exam": "90 \u0431\u0430\u043b\u0456\u0432 - \u0432\u0456\u0434\u043c\u0456\u043d\u043d\u043e",
        "credit": ""
    }
},
{
    "model": "students.result",
    "pk": 3,
    "fields": {
        "exams": 1,
        "groups": 1,
        "students": 2,
        "results_exam": "90 \u0431\u0430\u043b\u0456\u0432 - \u0432\u0456\u0434\u043c\u0456\u043d\u043d\u043e",
        "credit": ""
    }
},
{
    "model": "students.result",
    "pk": 4,
    "fields": {
        "exams": 3,
        "groups": 3,
        "students": 6,
        "results_exam": "60 \u0431\u0430\u043b\u0456\u0432 - \u0437\u0430\u0434\u043e\u0432\u0456\u043b\u044c\u043d\u043e",
        "credit": ""
    }
},
{
    "model": "students.result",
    "pk": 5,
    "fields": {
        "exams": 4,
        "groups": 4,
        "students": 8,
        "results_exam": "60 \u0431\u0430\u043b\u0456\u0432 - \u0437\u0430\u0434\u043e\u0432\u0456\u043b\u044c\u043d\u043e",
        "credit": ""
    }
},
{
    "model": "students.result",
    "pk": 6,
    "fields": {
        "exams": 1,
        "groups": 1,
        "students": 10,
        "results_exam": "90 \u0431\u0430\u043b\u0456\u0432 - \u0432\u0456\u0434\u043c\u0456\u043d\u043d\u043e",
        "credit": ""
    }
},
{
    "model": "students.result",
    "pk": 7,
    "fields": {
        "exams": 3,
        "groups": 3,
        "students": 9,
        "results_exam": "75 \u0431\u0430\u043b\u0456\u0432 - \u0434\u043e\u0431\u0440\u0435",
        "credit": ""
    }
},
{
    "model": "students.result",
    "pk": 8,
    "fields": {
        "exams": 3,
        "groups": 3,
        "students": 3,
        "results_exam": "75 \u0431\u0430\u043b\u0456\u0432 - \u0434\u043e\u0431\u0440\u0435",
        "credit": ""
    }
},
{
    "model": "students.result",
    "pk": 9,
    "fields": {
        "exams": 2,
        "groups": 2,
        "students": 5,
        "results_exam": "60 \u0431\u0430\u043b\u0456\u0432 - \u0437\u0430\u0434\u043e\u0432\u0456\u043b\u044c\u043d\u043e",
        "credit": ""
    }
},
{
    "model": "students.result",
    "pk": 10,
    "fields": {
        "exams": 4,
        "groups": 4,
        "students": 4,
        "results_exam": "75 \u0431\u0430\u043b\u0456\u0432 - \u0434\u043e\u0431\u0440\u0435",
        "credit": ""
    }
},
{
    "model": "students.result",
    "pk": 11,
    "fields": {
        "exams": 4,
        "groups": 4,
        "students": 7,
        "results_exam": "75 \u0431\u0430\u043b\u0456\u0432 - \u0434\u043e\u0431\u0440\u0435",
        "credit": ""
    }
},
{
    "model": "students.result",
    "pk": 12,
    "fields": {
        "exams": 2,
        "groups": 2,
        "students": 12,
        "results_exam": "90 \u0431\u0430\u043b\u0456\u0432 - \u0432\u0456\u0434\u043c\u0456\u043d\u043d\u043e",
        "credit": ""
    }
},
{
    "model": "students.monthjournal",
    "pk": 1,
    "fields": {
        "student": 5,
        "date": "2017-02-01",
        "present_day1": true,
        "present_day2": false,
        "present_day3": true,
        "present_day4": false,
        "present_day5": true,
        "present_day6": false,
        "present_day7": false,
        "present_day8": true,
        "present_day9": false,
        "present_day10": true,
        "present_day11": false,
        "present_day12": false,
        "present_day13": false,
        "present_day14": true,
        "present_day15": true,
        "present_day16": true,
        "present_day17": true,
        "present_day18": false,
        "present_day19": true,
        "present_day20": false,
        "present_day21": false,
        "present_day22": true,
        "present_day23": false,
        "present_day24": false,
        "present_day25": false,
        "present_day26": false,
        "present_day27": false,
        "present_day28": false,
        "present_day29": false,
        "present_day30": false,
        "present_day31": false
    }
},
{
    "model": "students.monthjournal",
    "pk": 2,
    "fields": {
        "student": 4,
        "date": "2017-02-01",
        "present_day1": false,
        "present_day2": false,
        "present_day3": false,
        "present_day4": false,
        "present_day5": false,
        "present_day6": false,
        "present_day7": true,
        "present_day8": false,
        "present_day9": true,
        "present_day10": true,
        "present_day11": false,
        "present_day12": false,
        "present_day13": false,
        "present_day14": true,
        "present_day15": false,
        "present_day16": false,
        "present_day17": false,
        "present_day18": false,
        "present_day19": true,
        "present_day20": false,
        "present_day21": false,
        "present_day22": false,
        "present_day23": false,
        "present_day24": false,
        "present_day25": false,
        "present_day26": false,
        "present_day27": false,
        "present_day28": false,
        "present_day29": false,
        "present_day30": false,
        "present_day31": false
    }
},
{
    "model": "students.monthjournal",
    "pk": 3,
    "fields": {
        "student": 2,
        "date": "2017-02-01",
        "present_day1": false,
        "present_day2": false,
        "present_day3": false,
        "present_day4": false,
        "present_day5": false,
        "present_day6": false,
        "present_day7": false,
        "present_day8": true,
        "present_day9": true,
        "present_day10": false,
        "present_day11": false,
        "present_day12": false,
        "present_day13": false,
        "present_day14": false,
        "present_day15": false,
        "present_day16": true,
        "present_day17": false,
        "present_day18": false,
        "present_day19": false,
        "present_day20": false,
        "present_day21": false,
        "present_day22": false,
        "present_day23": false,
        "present_day24": false,
        "present_day25": false,
        "present_day26": false,
        "present_day27": false,
        "present_day28": false,
        "present_day29": false,
        "present_day30": false,
        "present_day31": false
    }
},
{
    "model": "students.monthjournal",
    "pk": 4,
    "fields": {
        "student": 3,
        "date": "2017-02-01",
        "present_day1": false,
        "present_day2": false,
        "present_day3": false,
        "present_day4": true,
        "present_day5": false,
        "present_day6": false,
        "present_day7": false,
        "present_day8": false,
        "present_day9": false,
        "present_day10": false,
        "present_day11": true,
        "present_day12": false,
        "present_day13": false,
        "present_day14": false,
        "present_day15": false,
        "present_day16": false,
        "present_day17": false,
        "present_day18": false,
        "present_day19": false,
        "present_day20": false,
        "present_day21": false,
        "present_day22": false,
        "present_day23": false,
        "present_day24": true,
        "present_day25": false,
        "present_day26": false,
        "present_day27": false,
        "present_day28": false,
        "present_day29": false,
        "present_day30": false,
        "present_day31": false
    }
},
{
    "model": "students.monthjournal",
    "pk": 5,
    "fields": {
        "student": 1,
        "date": "2017-02-01",
        "present_day1": false,
        "present_day2": false,
        "present_day3": false,
        "present_day4": false,
        "present_day5": false,
        "present_day6": false,
        "present_day7": false,
        "present_day8": false,
        "present_day9": true,
        "present_day10": false,
        "present_day11": false,
        "present_day12": false,
        "present_day13": false,
        "present_day14": false,
        "present_day15": false,
        "present_day16": false,
        "present_day17": false,
        "present_day18": false,
        "present_day19": false,
        "present_day20": true,
        "present_day21": false,
        "present_day22": false,
        "present_day23": false,
        "present_day24": false,
        "present_day25": false,
        "present_day26": false,
        "present_day27": false,
        "present_day28": false,
        "present_day29": false,
        "present_day30": false,
        "present_day31": false
    }
},
{
    "model": "students.monthjournal",
    "pk": 6,
    "fields": {
        "student": 6,
        "date": "2017-02-01",
        "present_day1": false,
        "present_day2": false,
        "present_day3": true,
        "present_day4": false,
        "present_day5": false,
        "present_day6": false,
        "present_day7": true,
        "present_day8": false,
        "present_day9": false,
        "present_day10": false,
        "present_day11": false,
        "present_day12": false,
        "present_day13": false,
        "present_day14": true,
        "present_day15": false,
        "present_day16": false,
        "present_day17": true,
        "present_day18": false,
        "present_day19": false,
        "present_day20": false,
        "present_day21": false,
        "present_day22": true,
        "present_day23": false,
        "present_day24": false,
        "present_day25": true,
        "present_day26": false,
        "present_day27": false,
        "present_day28": false,
        "present_day29": false,
        "present_day30": false,
        "present_day31": false
    }
},
{
    "model": "students.monthjournal",
    "pk": 7,
    "fields": {
        "student": 9,
        "date": "2017-02-01",
        "present_day1": false,
        "present_day2": false,
        "present_day3": false,
        "present_day4": false,
        "present_day5": true,
        "present_day6": false,
        "present_day7": true,
        "present_day8": false,
        "present_day9": false,
        "present_day10": true,
        "present_day11": false,
        "present_day12": false,
        "present_day13": false,
        "present_day14": false,
        "present_day15": true,
        "present_day16": false,
        "present_day17": false,
        "present_day18": false,
        "present_day19": false,
        "present_day20": false,
        "present_day21": false,
        "present_day22": false,
        "present_day23": false,
        "present_day24": false,
        "present_day25": false,
        "present_day26": false,
        "present_day27": false,
        "present_day28": false,
        "present_day29": false,
        "present_day30": false,
        "present_day31": false
    }
},
{
    "model": "students.monthjournal",
    "pk": 8,
    "fields": {
        "student": 12,
        "date": "2017-02-01",
        "present_day1": false,
        "present_day2": false,
        "present_day3": false,
        "present_day4": false,
        "present_day5": true,
        "present_day6": false,
        "present_day7": false,
        "present_day8": false,
        "present_day9": false,
        "present_day10": false,
        "present_day11": false,
        "present_day12": false,
        "present_day13": true,
        "present_day14": false,
        "present_day15": true,
        "present_day16": false,
        "present_day17": false,
        "present_day18": true,
        "present_day19": false,
        "present_day20": true,
        "present_day21": false,
        "present_day22": true,
        "present_day23": false,
        "present_day24": true,
        "present_day25": false,
        "present_day26": true,
        "present_day27": false,
        "present_day28": false,
        "present_day29": false,
        "present_day30": false,
        "present_day31": false
    }
},
{
    "model": "students.monthjournal",
    "pk": 9,
    "fields": {
        "student": 8,
        "date": "2017-02-01",
        "present_day1": false,
        "present_day2": false,
        "present_day3": false,
        "present_day4": false,
        "present_day5": false,
        "present_day6": false,
        "present_day7": false,
        "present_day8": false,
        "present_day9": false,
        "present_day10": false,
        "present_day11": true,
        "present_day12": false,
        "present_day13": false,
        "present_day14": false,
        "present_day15": false,
        "present_day16": false,
        "present_day17": true,
        "present_day18": false,
        "present_day19": true,
        "present_day20": false,
        "present_day21": false,
        "present_day22": false,
        "present_day23": true,
        "present_day24": true,
        "present_day25": false,
        "present_day26": false,
        "present_day27": false,
        "present_day28": false,
        "present_day29": false,
        "present_day30": false,
        "present_day31": false
    }
},
{
    "model": "students.monthjournal",
    "pk": 10,
    "fields": {
        "student": 7,
        "date": "2017-02-01",
        "present_day1": false,
        "present_day2": false,
        "present_day3": false,
        "present_day4": false,
        "present_day5": false,
        "present_day6": false,
        "present_day7": true,
        "present_day8": false,
        "present_day9": false,
        "present_day10": false,
        "present_day11": false,
        "present_day12": false,
        "present_day13": false,
        "present_day14": false,
        "present_day15": false,
        "present_day16": false,
        "present_day17": false,
        "present_day18": false,
        "present_day19": false,
        "present_day20": false,
        "present_day21": false,
        "present_day22": false,
        "present_day23": false,
        "present_day24": false,
        "present_day25": true,
        "present_day26": false,
        "present_day27": false,
        "present_day28": false,
        "present_day29": false,
        "present_day30": false,
        "present_day31": false
    }
},
{
    "model": "students.monthjournal",
    "pk": 11,
    "fields": {
        "student": 11,
        "date": "2017-02-01",
        "present_day1": false,
        "present_day2": false,
        "present_day3": false,
        "present_day4": false,
        "present_day5": false,
        "present_day6": false,
        "present_day7": false,
        "present_day8": false,
        "present_day9": false,
        "present_day10": false,
        "present_day11": false,
        "present_day12": true,
        "present_day13": true,
        "present_day14": false,
        "present_day15": false,
        "present_day16": false,
        "present_day17": false,
        "present_day18": false,
        "present_day19": true,
        "present_day20": false,
        "present_day21": true,
        "present_day22": true,
        "present_day23": false,
        "present_day24": true,
        "present_day25": false,
        "present_day26": false,
        "present_day27": false,
        "present_day28": false,
        "present_day29": false,
        "present_day30": false,
        "present_day31": false
    }
},
{
    "model": "students.monthjournal",
    "pk": 12,
    "fields": {
        "student": 12,
        "date": "2017-03-01",
        "present_day1": false,
        "present_day2": false,
        "present_day3": false,
        "present_day4": false,
        "present_day5": false,
        "present_day6": false,
        "present_day7": false,
        "present_day8": false,
        "present_day9": true,
        "present_day10": false,
        "present_day11": true,
        "present_day12": false,
        "present_day13": false,
        "present_day14": false,
        "present_day15": true,
        "present_day16": false,
        "present_day17": false,
        "present_day18": false,
        "present_day19": false,
        "present_day20": false,
        "present_day21": false,
        "present_day22": false,
        "present_day23": false,
        "present_day24": false,
        "present_day25": false,
        "present_day26": false,
        "present_day27": false,
        "present_day28": false,
        "present_day29": false,
        "present_day30": false,
        "present_day31": false
    }
},
{
    "model": "students.monthjournal",
    "pk": 13,
    "fields": {
        "student": 8,
        "date": "2017-03-01",
        "present_day1": false,
        "present_day2": false,
        "present_day3": false,
        "present_day4": false,
        "present_day5": false,
        "present_day6": false,
        "present_day7": false,
        "present_day8": false,
        "present_day9": false,
        "present_day10": true,
        "present_day11": false,
        "present_day12": false,
        "present_day13": false,
        "present_day14": false,
        "present_day15": false,
        "present_day16": false,
        "present_day17": false,
        "present_day18": false,
        "present_day19": false,
        "present_day20": false,
        "present_day21": false,
        "present_day22": false,
        "present_day23": false,
        "present_day24": false,
        "present_day25": false,
        "present_day26": false,
        "present_day27": false,
        "present_day28": false,
        "present_day29": false,
        "present_day30": false,
        "present_day31": false
    }
},
{
    "model": "students.monthjournal",
    "pk": 14,
    "fields": {
        "student": 4,
        "date": "2017-03-01",
        "present_day1": false,
        "present_day2": false,
        "present_day3": false,
        "present_day4": false,
        "present_day5": false,
        "present_day6": false,
        "present_day7": false,
        "present_day8": false,
        "present_day9": false,
        "present_day10": false,
        "present_day11": false,
        "present_day12": false,
        "present_day13": false,
        "present_day14": false,
        "present_day15": false,
        "present_day16": true,
        "present_day17": false,
        "present_day18": false,
        "present_day19": false,
        "present_day20": false,
        "present_day21": false,
        "present_day22": false,
        "present_day23": false,
        "present_day24": false,
        "present_day25": false,
        "present_day26": false,
        "present_day27": false,
        "present_day28": false,
        "present_day29": false,
        "present_day30": false,
        "present_day31": false
    }
},
{
    "model": "students.monthjournal",
    "pk": 15,
    "fields": {
        "student": 11,
        "date": "2017-03-01",
        "present_day1": false,
        "present_day2": false,
        "present_day3": false,
        "present_day4": false,
        "present_day5": true,
        "present_day6": false,
        "present_day7": false,
        "present_day8": false,
        "present_day9": true,
        "present_day10": false,
        "present_day11": true,
        "present_day12": false,
        "present_day13": false,
        "present_day14": false,
        "present_day15": false,
        "present_day16": false,
        "present_day17": false,
        "present_day18": false,
        "present_day19": false,
        "present_day20": false,
        "present_day21": false,
        "present_day22": false,
        "present_day23": false,
        "present_day24": false,
        "present_day25": false,
        "present_day26": false,
        "present_day27": false,
        "present_day28": false,
        "present_day29": false,
        "present_day30": false,
        "present_day31": false
    }
},
{
    "model": "students.monthjournal",
    "pk": 16,
    "fields": {
        "student": 5,
        "date": "2017-03-01",
        "present_day1": false,
        "present_day2": false,
        "present_day3": false,
        "present_day4": false,
        "present_day5": false,
        "present_day6": false,
        "present_day7": false,
        "present_day8": false,
        "present_day9": true,
        "present_day10": false,
        "present_day11": false,
        "present_day12": false,
        "present_day13": false,
        "present_day14": false,
        "present_day15": false,
        "present_day16": false,
        "present_day17": false,
        "present_day18": false,
        "present_day19": false,
        "present_day20": false,
        "present_day21": false,
        "present_day22": false,
        "present_day23": false,
        "present_day24": false,
        "present_day25": false,
        "present_day26": false,
        "present_day27": false,
        "present_day28": false,
        "present_day29": false,
        "present_day30": false,
        "present_day31": false
    }
},
{
    "model": "students.monthjournal",
    "pk": 17,
    "fields": {
        "student": 6,
        "date": "2017-03-01",
        "present_day1": false,
        "present_day2": false,
        "present_day3": false,
        "present_day4": false,
        "present_day5": false,
        "present_day6": false,
        "present_day7": false,
        "present_day8": false,
        "present_day9": true,
        "present_day10": false,
        "present_day11": false,
        "present_day12": false,
        "present_day13": false,
        "present_day14": false,
        "present_day15": false,
        "present_day16": false,
        "present_day17": false,
        "present_day18": false,
        "present_day19": false,
        "present_day20": false,
        "present_day21": false,
        "present_day22": false,
        "present_day23": false,
        "present_day24": false,
        "present_day25": false,
        "present_day26": false,
        "present_day27": false,
        "present_day28": false,
        "present_day29": false,
        "present_day30": false,
        "present_day31": false
    }
},
{
    "model": "auth.permission",
    "pk": 1,
    "fields": {
        "name": "Can add log entry",
        "content_type": 1,
        "codename": "add_logentry"
    }
},
{
    "model": "auth.permission",
    "pk": 2,
    "fields": {
        "name": "Can change log entry",
        "content_type": 1,
        "codename": "change_logentry"
    }
},
{
    "model": "auth.permission",
    "pk": 3,
    "fields": {
        "name": "Can delete log entry",
        "content_type": 1,
        "codename": "delete_logentry"
    }
},
{
    "model": "auth.permission",
    "pk": 4,
    "fields": {
        "name": "Can add permission",
        "content_type": 2,
        "codename": "add_permission"
    }
},
{
    "model": "auth.permission",
    "pk": 5,
    "fields": {
        "name": "Can change permission",
        "content_type": 2,
        "codename": "change_permission"
    }
},
{
    "model": "auth.permission",
    "pk": 6,
    "fields": {
        "name": "Can delete permission",
        "content_type": 2,
        "codename": "delete_permission"
    }
},
{
    "model": "auth.permission",
    "pk": 7,
    "fields": {
        "name": "Can add group",
        "content_type": 3,
        "codename": "add_group"
    }
},
{
    "model": "auth.permission",
    "pk": 8,
    "fields": {
        "name": "Can change group",
        "content_type": 3,
        "codename": "change_group"
    }
},
{
    "model": "auth.permission",
    "pk": 9,
    "fields": {
        "name": "Can delete group",
        "content_type": 3,
        "codename": "delete_group"
    }
},
{
    "model": "auth.permission",
    "pk": 10,
    "fields": {
        "name": "Can add user",
        "content_type": 4,
        "codename": "add_user"
    }
},
{
    "model": "auth.permission",
    "pk": 11,
    "fields": {
        "name": "Can change user",
        "content_type": 4,
        "codename": "change_user"
    }
},
{
    "model": "auth.permission",
    "pk": 12,
    "fields": {
        "name": "Can delete user",
        "content_type": 4,
        "codename": "delete_user"
    }
},
{
    "model": "auth.permission",
    "pk": 13,
    "fields": {
        "name": "Can add content type",
        "content_type": 5,
        "codename": "add_contenttype"
    }
},
{
    "model": "auth.permission",
    "pk": 14,
    "fields": {
        "name": "Can change content type",
        "content_type": 5,
        "codename": "change_contenttype"
    }
},
{
    "model": "auth.permission",
    "pk": 15,
    "fields": {
        "name": "Can delete content type",
        "content_type": 5,
        "codename": "delete_contenttype"
    }
},
{
    "model": "auth.permission",
    "pk": 16,
    "fields": {
        "name": "Can add session",
        "content_type": 6,
        "codename": "add_session"
    }
},
{
    "model": "auth.permission",
    "pk": 17,
    "fields": {
        "name": "Can change session",
        "content_type": 6,
        "codename": "change_session"
    }
},
{
    "model": "auth.permission",
    "pk": 18,
    "fields": {
        "name": "Can delete session",
        "content_type": 6,
        "codename": "delete_session"
    }
},
{
    "model": "auth.permission",
    "pk": 19,
    "fields": {
        "name": "Can add Student",
        "content_type": 7,
        "codename": "add_student"
    }
},
{
    "model": "auth.permission",
    "pk": 20,
    "fields": {
        "name": "Can change Student",
        "content_type": 7,
        "codename": "change_student"
    }
},
{
    "model": "auth.permission",
    "pk": 21,
    "fields": {
        "name": "Can delete Student",
        "content_type": 7,
        "codename": "delete_student"
    }
},
{
    "model": "auth.permission",
    "pk": 22,
    "fields": {
        "name": "Can add \u0413\u0440\u0443\u043f\u0430",
        "content_type": 8,
        "codename": "add_group"
    }
},
{
    "model": "auth.permission",
    "pk": 23,
    "fields": {
        "name": "Can change \u0413\u0440\u0443\u043f\u0430",
        "content_type": 8,
        "codename": "change_group"
    }
},
{
    "model": "auth.permission",
    "pk": 24,
    "fields": {
        "name": "Can delete \u0413\u0440\u0443\u043f\u0430",
        "content_type": 8,
        "codename": "delete_group"
    }
},
{
    "model": "auth.permission",
    "pk": 25,
    "fields": {
        "name": "Can add \u0406\u0441\u043f\u0438\u0442",
        "content_type": 9,
        "codename": "add_exam"
    }
},
{
    "model": "auth.permission",
    "pk": 26,
    "fields": {
        "name": "Can change \u0406\u0441\u043f\u0438\u0442",
        "content_type": 9,
        "codename": "change_exam"
    }
},
{
    "model": "auth.permission",
    "pk": 27,
    "fields": {
        "name": "Can delete \u0406\u0441\u043f\u0438\u0442",
        "content_type": 9,
        "codename": "delete_exam"
    }
},
{
    "model": "auth.permission",
    "pk": 28,
    "fields": {
        "name": "Can add \u0420\u0435\u0437\u0443\u043b\u044c\u0442\u0430\u0442 \u0406\u0441\u043f\u0438\u0442\u0443",
        "content_type": 10,
        "codename": "add_result"
    }
},
{
    "model": "auth.permission",
    "pk": 29,
    "fields": {
        "name": "Can change \u0420\u0435\u0437\u0443\u043b\u044c\u0442\u0430\u0442 \u0406\u0441\u043f\u0438\u0442\u0443",
        "content_type": 10,
        "codename": "change_result"
    }
},
{
    "model": "auth.permission",
    "pk": 30,
    "fields": {
        "name": "Can delete \u0420\u0435\u0437\u0443\u043b\u044c\u0442\u0430\u0442 \u0406\u0441\u043f\u0438\u0442\u0443",
        "content_type": 10,
        "codename": "delete_result"
    }
},
{
    "model": "auth.permission",
    "pk": 31,
    "fields": {
        "name": "Can add \u041c\u0456\u0441\u044f\u0447\u043d\u0438\u0439 \u0416\u0443\u0440\u043d\u0430\u043b",
        "content_type": 11,
        "codename": "add_monthjournal"
    }
},
{
    "model": "auth.permission",
    "pk": 32,
    "fields": {
        "name": "Can change \u041c\u0456\u0441\u044f\u0447\u043d\u0438\u0439 \u0416\u0443\u0440\u043d\u0430\u043b",
        "content_type": 11,
        "codename": "change_monthjournal"
    }
},
{
    "model": "auth.permission",
    "pk": 33,
    "fields": {
        "name": "Can delete \u041c\u0456\u0441\u044f\u0447\u043d\u0438\u0439 \u0416\u0443\u0440\u043d\u0430\u043b",
        "content_type": 11,
        "codename": "delete_monthjournal"
    }
},
{
    "model": "auth.user",
    "pk": 1,
    "fields": {
        "password": "pbkdf2_sha256$24000$E4CeatX18g5A$4DjmoMTlKWnMo/LTEII6Bn4vFHwslWx5XwNHmKB50yU=",
        "last_login": "2017-02-20T12:13:28.677Z",
        "is_superuser": true,
        "username": "lemk",
        "first_name": "",
        "last_name": "",
        "email": "lemk@ukr.net",
        "is_staff": true,
        "is_active": true,
        "date_joined": "2017-02-20T12:12:18.146Z",
        "groups": [],
        "user_permissions": []
    }
},
{
    "model": "admin.logentry",
    "pk": 1,
    "fields": {
        "action_time": "2017-02-20T12:19:16.269Z",
        "user": 1,
        "content_type": 7,
        "object_id": "1",
        "object_repr": "\u0410\u043d\u0434\u0440\u0456\u0439 \u042f\u0440\u043c\u043e\u043b\u0435\u043d\u043a\u043e",
        "action_flag": 1,
        "change_message": "\u0414\u043e\u0434\u0430\u043d\u043e."
    }
},
{
    "model": "admin.logentry",
    "pk": 2,
    "fields": {
        "action_time": "2017-02-22T09:12:24.986Z",
        "user": 1,
        "content_type": 8,
        "object_id": "4",
        "object_repr": "\u041c\u0442\u041c-23",
        "action_flag": 2,
        "change_message": "\u0417\u043c\u0456\u043d\u0435\u043d\u043e stud."
    }
},
{
    "model": "admin.logentry",
    "pk": 3,
    "fields": {
        "action_time": "2017-02-22T19:29:50.372Z",
        "user": 1,
        "content_type": 9,
        "object_id": "1",
        "object_repr": "\u0412\u0441\u0435\u0441\u0432\u0456\u0442\u043d\u044f \u0406\u0441\u0442\u043e\u0440\u0456\u044f (\u041c\u0442\u041c-21)",
        "action_flag": 1,
        "change_message": "\u0414\u043e\u0434\u0430\u043d\u043e."
    }
}
]
