[
{
    "model": "contenttypes.contenttype",
    "pk": 1,
    "fields": {
        "app_label": "admin",
        "model": "logentry"
    }
},
{
    "model": "contenttypes.contenttype",
    "pk": 2,
    "fields": {
        "app_label": "auth",
        "model": "permission"
    }
},
{
    "model": "contenttypes.contenttype",
    "pk": 3,
    "fields": {
        "app_label": "auth",
        "model": "group"
    }
},
{
    "model": "contenttypes.contenttype",
    "pk": 4,
    "fields": {
        "app_label": "auth",
        "model": "user"
    }
},
{
    "model": "contenttypes.contenttype",
    "pk": 5,
    "fields": {
        "app_label": "contenttypes",
        "model": "contenttype"
    }
},
{
    "model": "contenttypes.contenttype",
    "pk": 6,
    "fields": {
        "app_label": "sessions",
        "model": "session"
    }
},
{
    "model": "contenttypes.contenttype",
    "pk": 7,
    "fields": {
        "app_label": "students",
        "model": "student"
    }
},
{
    "model": "contenttypes.contenttype",
    "pk": 8,
    "fields": {
        "app_label": "students",
        "model": "group"
    }
},
{
    "model": "contenttypes.contenttype",
    "pk": 9,
    "fields": {
        "app_label": "students",
        "model": "exam"
    }
},
{
    "model": "contenttypes.contenttype",
    "pk": 10,
    "fields": {
        "app_label": "students",
        "model": "result"
    }
},
{
    "model": "contenttypes.contenttype",
    "pk": 11,
    "fields": {
        "app_label": "students",
        "model": "monthjournal"
    }
},
{
    "model": "contenttypes.contenttype",
    "pk": 12,
    "fields": {
        "app_label": "sites",
        "model": "site"
    }
},
{
    "model": "contenttypes.contenttype",
    "pk": 13,
    "fields": {
        "app_label": "registration",
        "model": "registrationprofile"
    }
},
{
    "model": "contenttypes.contenttype",
    "pk": 14,
    "fields": {
        "app_label": "studentsdb",
        "model": "stprofile"
    }
},
{
    "model": "contenttypes.contenttype",
    "pk": 15,
    "fields": {
        "app_label": "default",
        "model": "usersocialauth"
    }
},
{
    "model": "contenttypes.contenttype",
    "pk": 16,
    "fields": {
        "app_label": "default",
        "model": "nonce"
    }
},
{
    "model": "contenttypes.contenttype",
    "pk": 17,
    "fields": {
        "app_label": "default",
        "model": "association"
    }
},
{
    "model": "contenttypes.contenttype",
    "pk": 18,
    "fields": {
        "app_label": "default",
        "model": "code"
    }
},
{
    "model": "contenttypes.contenttype",
    "pk": 19,
    "fields": {
        "app_label": "django_ulogin",
        "model": "uloginuser"
    }
},
{
    "model": "contenttypes.contenttype",
    "pk": 20,
    "fields": {
        "app_label": "stud_auth",
        "model": "stprofile"
    }
},
{
    "model": "sessions.session",
    "pk": "0c5q1qkuczis7ra4mx3336utkc3kmcjf",
    "fields": {
        "session_data": "MjQxNjYxM2RmMDc4NmMxYmM1ODQxNjk2NjFiYWQ3NzBhMDc2NzkyMjp7Il9hdXRoX3VzZXJfaWQiOiI2IiwiZmFjZWJvb2tfc3RhdGUiOiJ6NE1kREdjSmxwUnJSVkdGVllEb3dsUXVzU2lyeERGOCIsIl9hdXRoX3VzZXJfYmFja2VuZCI6InNvY2lhbC5iYWNrZW5kcy5mYWNlYm9vay5GYWNlYm9va09BdXRoMiIsIm5leHQiOiIvdXNlcnMvbG9naW4vIiwic29jaWFsX2F1dGhfbGFzdF9sb2dpbl9iYWNrZW5kIjoiZmFjZWJvb2siLCJfYXV0aF91c2VyX2hhc2giOiJlMjczN2E2NDc1YmRmMTVlMjJiZDFhZmRiNjM0ZTYwN2RmNzIwZTM1In0=",
        "expire_date": "2017-04-22T18:52:18.148Z"
    }
},
{
    "model": "sessions.session",
    "pk": "1wnxr71woycr5auczhd72gdp9qai9gja",
    "fields": {
        "session_data": "MzA0NTU2ZGI0MTAzODE3NTI2NTIzYTAwYjUyZjE0ZGExODE4OWY1YTp7InNvY2lhbF9hdXRoX2xhc3RfbG9naW5fYmFja2VuZCI6Imdvb2dsZS1vYXV0aDIiLCJnb29nbGUtb2F1dGgyX3N0YXRlIjoiRERienJRSFNURVU5YlV1MnR5TE5hTWF3ZjdaUmpoR0EiLCJfYXV0aF91c2VyX2hhc2giOiI0M2M4ZjRhYjIyN2RiZTBiZTk5Y2FlODBhYjEwNmMwNzM1MmEyNzVjIiwiX2F1dGhfdXNlcl9iYWNrZW5kIjoic29jaWFsLmJhY2tlbmRzLmdvb2dsZS5Hb29nbGVPQXV0aDIiLCJfYXV0aF91c2VyX2lkIjoiNyJ9",
        "expire_date": "2017-07-17T11:50:45.041Z"
    }
},
{
    "model": "sessions.session",
    "pk": "2um8ppe3zu4350thfwzaq70ilid2t0ik",
    "fields": {
        "session_data": "NzYzMTAxNzRiNTgwNjViMDJlOTljZTI2MWQ4N2Q2ZGFiNjMxMmM4MTp7ImZhY2Vib29rX3N0YXRlIjoiWWlZQlhmTTVYVFZhR2pQSHFVTE53azV2Ykk0N2JWdzkiLCJnb29nbGUtb2F1dGgyX3N0YXRlIjoibEFubEdkYjhEbzY2V2E2YzZ3MDVMZTRoOWNpRFhJRFciLCJuZXh0IjoiLyJ9",
        "expire_date": "2017-04-18T19:03:07.187Z"
    }
},
{
    "model": "sessions.session",
    "pk": "9j4tbdpkjaytwgvuu4ugq5gbxatogwdn",
    "fields": {
        "session_data": "YjFiNDkwNjliNjc3MTMxZjc5YmRmYTFlM2UxODQzMDEzMzRlZTE4NTp7InNvY2lhbF9hdXRoX2xhc3RfbG9naW5fYmFja2VuZCI6Imdvb2dsZS1vYXV0aDIiLCJnb29nbGUtb2F1dGgyX3N0YXRlIjoiT2dQSWRhTWVGODQ4T1I5SU1DcWN2TWNlM0JYNjFzS0YiLCJfYXV0aF91c2VyX2hhc2giOiI0M2M4ZjRhYjIyN2RiZTBiZTk5Y2FlODBhYjEwNmMwNzM1MmEyNzVjIiwiX2F1dGhfdXNlcl9iYWNrZW5kIjoic29jaWFsLmJhY2tlbmRzLmdvb2dsZS5Hb29nbGVPQXV0aDIiLCJfYXV0aF91c2VyX2lkIjoiNyJ9",
        "expire_date": "2017-08-23T19:28:07.527Z"
    }
},
{
    "model": "sessions.session",
    "pk": "bdieqi7qi1yqag8p8zey2683tzk9zcd7",
    "fields": {
        "session_data": "MDFlODFiZDhhNzlmYTNjNWE5NjA1YWFiZWQ2YzhiNjViM2Q0YjViZTp7InNvY2lhbF9hdXRoX2xhc3RfbG9naW5fYmFja2VuZCI6Imdvb2dsZS1vYXV0aDIiLCJnb29nbGUtb2F1dGgyX3N0YXRlIjoiQlp4V0NkQ09FOU40Nm90TnNGQ2hpdVJGMm1pTXVpelIiLCJfYXV0aF91c2VyX2hhc2giOiI0M2M4ZjRhYjIyN2RiZTBiZTk5Y2FlODBhYjEwNmMwNzM1MmEyNzVjIiwiX2F1dGhfdXNlcl9iYWNrZW5kIjoic29jaWFsLmJhY2tlbmRzLmdvb2dsZS5Hb29nbGVPQXV0aDIiLCJfYXV0aF91c2VyX2lkIjoiNyJ9",
        "expire_date": "2017-07-10T08:24:16.974Z"
    }
},
{
    "model": "sessions.session",
    "pk": "c2nylvu5379gcuwwass7qa1asje6n4cj",
    "fields": {
        "session_data": "MTliOWIyZTc2OTJkMjlmYmVjNjQ3Zjk1MDk2NWU5NmUzNDYyYjBhZTp7Imdvb2dsZS1vYXV0aDJfc3RhdGUiOiJWNEpjblBsOEFENTlTSE1TdmxqeW5yZlBaYlFXa3I4YiJ9",
        "expire_date": "2017-05-04T21:01:03.291Z"
    }
},
{
    "model": "sessions.session",
    "pk": "f5jn4laj962b00eqnrc81wzzr3d4yslp",
    "fields": {
        "session_data": "N2ZjNzVmZjlhZWI3ZWRmNGMwMjRiNDNiOWE5YWI5M2JiMWFlYjkwNDp7InNvY2lhbF9hdXRoX2xhc3RfbG9naW5fYmFja2VuZCI6Imdvb2dsZS1vYXV0aDIiLCJnb29nbGUtb2F1dGgyX3N0YXRlIjoiWVVCc1YzcUFENVlaVjdYRFJvcWRoMGFoWXJDbWhuMmoiLCJfYXV0aF91c2VyX2hhc2giOiI0M2M4ZjRhYjIyN2RiZTBiZTk5Y2FlODBhYjEwNmMwNzM1MmEyNzVjIiwiX2F1dGhfdXNlcl9iYWNrZW5kIjoic29jaWFsLmJhY2tlbmRzLmdvb2dsZS5Hb29nbGVPQXV0aDIiLCJfYXV0aF91c2VyX2lkIjoiNyJ9",
        "expire_date": "2017-06-11T18:15:47.441Z"
    }
},
{
    "model": "sessions.session",
    "pk": "ld629j2md6nghtxcaifnk44m1cm7h1sc",
    "fields": {
        "session_data": "ODZiMDczNzk1NzkzOWIyYWY2MGEzOTgwM2ZmNzI0MDNmYTk3NDFiZTp7Imdvb2dsZS1vYXV0aDJfc3RhdGUiOiJydEZLTzRlV1Zob2NmYkI1OHRxbFBoUnBVb1h0Vk9JMyJ9",
        "expire_date": "2017-05-15T08:45:38.831Z"
    }
},
{
    "model": "sessions.session",
    "pk": "lony23wcslwlhatnqtnzq7k73d54fe5e",
    "fields": {
        "session_data": "YzliZDE5OTYwMTJkZTg0MDE2Y2Q5NDJiODY0MzUzOWRjMjY1MDc4OTp7InNvY2lhbF9hdXRoX2xhc3RfbG9naW5fYmFja2VuZCI6Imdvb2dsZS1vYXV0aDIiLCJnb29nbGUtb2F1dGgyX3N0YXRlIjoiOUFUYTIyMzhBbDBBaUxsZFEyVnJMcElYUldFR2draHgiLCJfYXV0aF91c2VyX2hhc2giOiIzOTUyNjY5YTA3ZGFkNTEzMjQ4OTIxYTUwODg1MjQ3NGUxMzRkYzAzIiwiX2F1dGhfdXNlcl9iYWNrZW5kIjoic29jaWFsLmJhY2tlbmRzLmdvb2dsZS5Hb29nbGVPQXV0aDIiLCJfYXV0aF91c2VyX2lkIjoiOCJ9",
        "expire_date": "2017-06-20T19:39:53.204Z"
    }
},
{
    "model": "sessions.session",
    "pk": "nzku8swwxv9i6nfp44cozuddto4rs8jn",
    "fields": {
        "session_data": "MzczOTczOTNkOGI5NDBmYTJhNGM1OTMwYTI1Y2E2NzhmZTQyOTE4OTp7Imdvb2dsZS1vYXV0aDJfc3RhdGUiOiI4SHI5dG10Z0w2ZFQ3NWNVWFdYYk42Rkg2ZkNGejFiRiJ9",
        "expire_date": "2017-06-02T21:30:18.246Z"
    }
},
{
    "model": "sessions.session",
    "pk": "uvlcnzhsjimv1rygyx2vkeilhg3wa8jw",
    "fields": {
        "session_data": "MGM4ZGY1OTkwNjcxNTVjZTM0ODNiYWMwMGUyMzk3MjgxZWJkOGZiNDp7Il9hdXRoX3VzZXJfaGFzaCI6IjQ3NjQxODRkNDQwYWFiYjNjODVhMWMwYzM4OWY2ZjVlNGQ5M2E1ODYiLCJfYXV0aF91c2VyX2JhY2tlbmQiOiJkamFuZ28uY29udHJpYi5hdXRoLmJhY2tlbmRzLk1vZGVsQmFja2VuZCIsIl9hdXRoX3VzZXJfaWQiOiIzIn0=",
        "expire_date": "2017-04-24T17:22:20.124Z"
    }
},
{
    "model": "sessions.session",
    "pk": "zi6blrm9yw07k9g7rhk5tqh4z99oi1iv",
    "fields": {
        "session_data": "ZmNiYTVjYmI5NDZjZmEzOTI2MzViNDFlZTBhMzJhNGE2MTQ3OThlODp7Il9hdXRoX3VzZXJfaGFzaCI6IjllYTZlODc3ZTQyNTc2MmM2ODNlZTUyODg3YTllZGQxNWJlMDhhZWQiLCJfYXV0aF91c2VyX2JhY2tlbmQiOiJkamFuZ28uY29udHJpYi5hdXRoLmJhY2tlbmRzLk1vZGVsQmFja2VuZCIsIl9hdXRoX3VzZXJfaWQiOiIxIn0=",
        "expire_date": "2017-03-06T12:13:28.877Z"
    }
},
{
    "model": "sites.site",
    "pk": 1,
    "fields": {
        "domain": "example.com",
        "name": "example.com"
    }
},
{
    "model": "students.student",
    "pk": 1,
    "fields": {
        "first_name": "\u0410\u043d\u0434\u0440\u0456\u0439",
        "last_name": "\u042f\u0440\u043c\u043e\u043b\u0435\u043d\u043a\u043e",
        "middle_name": "\u041c\u0438\u043a\u043e\u043b\u0430\u0439\u043e\u0432\u0438\u0447",
        "birthday": "1989-03-18",
        "photo": "./yarmolenko_Pyc05TY.jpg",
        "ticket": "2123",
        "student_group": 1,
        "notes": ""
    }
},
{
    "model": "students.student",
    "pk": 2,
    "fields": {
        "first_name": "\u0410\u043d\u0434\u0440\u0456\u0439",
        "last_name": "\u0428\u0435\u0432\u0447\u0435\u043d\u043a\u043e",
        "middle_name": "\u041c\u0438\u043a\u043e\u043b\u0430\u0439\u043e\u0432\u0438\u0447",
        "birthday": "1975-05-19",
        "photo": "./shevchenko_KQj494M.jpg",
        "ticket": "7",
        "student_group": 1,
        "notes": "\u041b\u0456\u0434\u0435\u0440 \u0442\u0430 \u043a\u0440\u0430\u0449\u0438\u0439 \u0443\u0447\u0435\u043d\u044c \u0433\u0440\u0443\u043f\u0438"
    }
},
{
    "model": "students.student",
    "pk": 3,
    "fields": {
        "first_name": "\u0420\u0443\u0441\u043b\u0430\u043d",
        "last_name": "\u0420\u043e\u0442\u0430\u043d\u044c",
        "middle_name": "\u041f\u0435\u0442\u0440\u043e\u0432\u0438\u0447",
        "birthday": "1981-10-29",
        "photo": "./rotan_dsVtwIB.jpg",
        "ticket": "14",
        "student_group": 3,
        "notes": "\u0421\u0442\u0430\u0440\u0430\u043d\u043d\u0438\u0439 \u0442\u0430 \u0432\u0456\u0434\u0434\u0430\u043d\u0438\u0439"
    }
},
{
    "model": "students.student",
    "pk": 4,
    "fields": {
        "first_name": "\u041e\u043b\u0435\u043a\u0441\u0430\u043d\u0434\u0440",
        "last_name": "\u041a\u0443\u0447\u0435\u0440",
        "middle_name": "\u041c\u0438\u043a\u043e\u043b\u0430\u0439\u043e\u0432\u0438\u0447",
        "birthday": "1982-11-22",
        "photo": "./kucher_N8Ray7c.jpg",
        "ticket": "5",
        "student_group": 4,
        "notes": ""
    }
},
{
    "model": "students.student",
    "pk": 5,
    "fields": {
        "first_name": "\u041e\u043b\u0435\u043a\u0441\u0430\u043d\u0434\u0440",
        "last_name": "\u0413\u043e\u0440\u044f\u0457\u043d\u043e\u0432",
        "middle_name": "\u0421\u0435\u0440\u0433\u0456\u0439\u043e\u0432\u0438\u0447",
        "birthday": "1975-06-29",
        "photo": "./goryainov_fPjzO4D.jpg",
        "ticket": "29",
        "student_group": 2,
        "notes": "\u0412\u0435\u0442\u0435\u0440\u0430\u043d"
    }
},
{
    "model": "students.student",
    "pk": 6,
    "fields": {
        "first_name": "\u0404\u0432\u0433\u0435\u043d",
        "last_name": "\u041a\u043e\u043d\u043e\u043f\u043b\u044f\u043d\u043a\u0430",
        "middle_name": "\u041e\u043b\u0435\u0433\u043e\u0432\u0438\u0447",
        "birthday": "1989-08-29",
        "photo": "./konoplanka_ckrqNZL.jpg",
        "ticket": "8826",
        "student_group": 3,
        "notes": ""
    }
},
{
    "model": "students.student",
    "pk": 7,
    "fields": {
        "first_name": "\u0410\u043d\u0434\u0440\u0456\u0439",
        "last_name": "\u041f\u044f\u0442\u043e\u0432",
        "middle_name": "\u0412\u0430\u043b\u0435\u0440\u0456\u0439\u043e\u0432\u0438\u0447",
        "birthday": "1984-06-28",
        "photo": "./paitov_nYW4UOD.jpg",
        "ticket": "12",
        "student_group": 4,
        "notes": ""
    }
},
{
    "model": "students.student",
    "pk": 8,
    "fields": {
        "first_name": "\u042f\u0440\u043e\u0441\u043b\u0430\u0432",
        "last_name": "\u0420\u0430\u043a\u0438\u0446\u044c\u043a\u0438\u0439",
        "middle_name": "\u0412\u043e\u043b\u043e\u0434\u0438\u043c\u0438\u0440\u043e\u0432\u0438\u0447",
        "birthday": "1989-08-03",
        "photo": "./rakitski_Ek2pxZj.jpg",
        "ticket": "44",
        "student_group": 4,
        "notes": ""
    }
},
{
    "model": "students.student",
    "pk": 9,
    "fields": {
        "first_name": "\u0420\u043e\u043c\u0430\u043d",
        "last_name": "\u0417\u043e\u0437\u0443\u043b\u044f",
        "middle_name": "\u0412\u044f\u0447\u0435\u0441\u043b\u0430\u0432\u043e\u0432\u0438\u0447",
        "birthday": "1989-11-17",
        "photo": "./zozulia_FtBK0Vs.jpg",
        "ticket": "9",
        "student_group": 3,
        "notes": ""
    }
},
{
    "model": "students.student",
    "pk": 10,
    "fields": {
        "first_name": "\u041e\u043b\u0435\u043a\u0441\u0430\u043d\u0434\u0440",
        "last_name": "\u0428\u043e\u0432\u043a\u043e\u0432\u0441\u044c\u043a\u0438\u0439",
        "middle_name": "\u0412\u043e\u043b\u043e\u0434\u0438\u043c\u0438\u0440\u043e\u0432\u0438\u0447",
        "birthday": "1975-01-02",
        "photo": "./shovkovskyi_0oYd54P.jpg",
        "ticket": "1",
        "student_group": 1,
        "notes": ""
    }
},
{
    "model": "students.student",
    "pk": 11,
    "fields": {
        "first_name": "\u0415\u0434\u043c\u0430\u0440",
        "last_name": "\u0434\u0435 \u041b\u0430\u0441\u0435\u0440\u0434\u0430",
        "middle_name": "\u0413\u0430\u043b\u043e\u0432\u0441\u043a\u0438\u0439",
        "birthday": "1980-06-16",
        "photo": "./edmar_4DnzSEa.jpg",
        "ticket": "8",
        "student_group": 2,
        "notes": ""
    }
},
{
    "model": "students.student",
    "pk": 12,
    "fields": {
        "first_name": "\u041c\u0430\u0440\u043a\u043e",
        "last_name": "\u0414\u0435\u0432\u0438\u0447",
        "middle_name": "",
        "birthday": "1983-10-27",
        "photo": "./devich_e6QfnmO.jpg",
        "ticket": "33",
        "student_group": 2,
        "notes": ""
    }
},
{
    "model": "students.student",
    "pk": 13,
    "fields": {
        "first_name": "\u0412\u0456\u0442\u0430\u043b\u0456\u0439",
        "last_name": "\u0414\u0435\u043d\u0438\u0441\u043e\u0432",
        "middle_name": "\u042e\u0440\u0456\u0439\u043e\u0432\u0438\u0447",
        "birthday": "2017-06-16",
        "photo": "",
        "ticket": "330",
        "student_group": 3,
        "notes": ""
    }
},
{
    "model": "students.student",
    "pk": 14,
    "fields": {
        "first_name": "\u0421\u0435\u0440\u0433\u0456\u0439",
        "last_name": "\u0420\u043e\u0442\u043c\u0438\u0441\u0442\u0440\u043e\u0432",
        "middle_name": "\u0404\u0432\u0433\u0435\u043d\u0456\u0439\u043e\u0432\u0438\u0447",
        "birthday": "2017-07-03",
        "photo": "",
        "ticket": "334",
        "student_group": 2,
        "notes": "cdvds"
    }
},
{
    "model": "students.group",
    "pk": 1,
    "fields": {
        "title": "\u041c\u0442\u041c-21",
        "leader": 2,
        "notes": "\u0413\u0440\u0443\u043f\u0430 \u043b\u0456\u0434\u0435\u0440\u0456\u0432",
        "students": [
            1,
            2,
            10
        ]
    }
},
{
    "model": "students.group",
    "pk": 2,
    "fields": {
        "title": "\u041c\u0442\u041c-20",
        "leader": 5,
        "notes": "\u0413\u0440\u0443\u043f\u0430 \u0437\u0456 \u0421\u043b\u043e\u0431\u043e\u0436\u0430\u043d\u0449\u0438\u043d\u0438",
        "students": [
            5,
            11,
            12
        ]
    }
},
{
    "model": "students.group",
    "pk": 3,
    "fields": {
        "title": "\u041c\u0442\u041c-22",
        "leader": 3,
        "notes": "\u0413\u0440\u0443\u043f\u0430 \u0437 \u0441\u0438\u043b\u044c\u043d\u0438\u043c \u043a\u043e\u043c\u0430\u043d\u0434\u043d\u0438\u043c \u0434\u0443\u0445\u043e\u043c",
        "students": [
            3,
            6,
            9
        ]
    }
},
{
    "model": "students.group",
    "pk": 4,
    "fields": {
        "title": "\u041c\u0442\u041c-23",
        "leader": 4,
        "notes": "\u0413\u0440\u0443\u043f\u0430 \u043f\u0435\u0440\u0435\u043c\u043e\u0436\u0446\u0456\u0432 \u0437\u043c\u0430\u0433\u0430\u043d\u044c",
        "students": [
            4,
            7,
            8
        ]
    }
},
{
    "model": "students.exam",
    "pk": 1,
    "fields": {
        "science": "\u0412\u0441\u0435\u0441\u0432\u0456\u0442\u043d\u044f \u0406\u0441\u0442\u043e\u0440\u0456\u044f",
        "teacher": "\u0423\u0448\u0430\u043a\u043e\u0432 \u0414.\u041e",
        "date": "2017-02-25T12:00:00Z",
        "groups": 1
    }
},
{
    "model": "students.exam",
    "pk": 2,
    "fields": {
        "science": "\u0406\u043d\u043e\u0437\u0435\u043c\u043d\u0430 \u043c\u043e\u0432\u0430",
        "teacher": "\u041c\u0430\u0446\u043a\u0435\u0432\u0438\u0447 \u0412.\u0412",
        "date": "2017-03-02T10:30:00Z",
        "groups": 2
    }
},
{
    "model": "students.exam",
    "pk": 3,
    "fields": {
        "science": "\u0406\u043d\u0444\u043e\u0440\u043c\u0430\u0442\u0438\u043a\u0430",
        "teacher": "\u0422\u0443\u0440\u0447\u0438\u043d\u0430 \u0406.\u041e",
        "date": "2017-03-03T11:00:00Z",
        "groups": 3
    }
},
{
    "model": "students.exam",
    "pk": 4,
    "fields": {
        "science": "\u0406\u0441\u0442\u043e\u0440\u0456\u044f \u0423\u043a\u0440\u0430\u0457\u043d\u0438",
        "teacher": "\u0416\u0443\u0440\u0430\u0432\u043b\u0435\u0432 \u0414.\u0412",
        "date": "2017-03-04T10:00:00Z",
        "groups": 4
    }
},
{
    "model": "students.result",
    "pk": 1,
    "fields": {
        "exams": 1,
        "groups": 1,
        "students": 1,
        "result": "75 \u0431\u0430\u043b\u0456\u0432 - \u0434\u043e\u0431\u0440\u0435"
    }
},
{
    "model": "students.result",
    "pk": 2,
    "fields": {
        "exams": 2,
        "groups": 2,
        "students": 11,
        "result": "90 \u0431\u0430\u043b\u0456\u0432 - \u0432\u0456\u0434\u043c\u0456\u043d\u043d\u043e"
    }
},
{
    "model": "students.result",
    "pk": 3,
    "fields": {
        "exams": 1,
        "groups": 1,
        "students": 2,
        "result": "90 \u0431\u0430\u043b\u0456\u0432 - \u0432\u0456\u0434\u043c\u0456\u043d\u043d\u043e"
    }
},
{
    "model": "students.result",
    "pk": 4,
    "fields": {
        "exams": 3,
        "groups": 3,
        "students": 6,
        "result": "60 \u0431\u0430\u043b\u0456\u0432 - \u0437\u0430\u0434\u043e\u0432\u0456\u043b\u044c\u043d\u043e"
    }
},
{
    "model": "students.result",
    "pk": 5,
    "fields": {
        "exams": 4,
        "groups": 4,
        "students": 8,
        "result": "60 \u0431\u0430\u043b\u0456\u0432 - \u0437\u0430\u0434\u043e\u0432\u0456\u043b\u044c\u043d\u043e"
    }
},
{
    "model": "students.result",
    "pk": 6,
    "fields": {
        "exams": 1,
        "groups": 1,
        "students": 10,
        "result": "90 \u0431\u0430\u043b\u0456\u0432 - \u0432\u0456\u0434\u043c\u0456\u043d\u043d\u043e"
    }
},
{
    "model": "students.result",
    "pk": 7,
    "fields": {
        "exams": 3,
        "groups": 3,
        "students": 9,
        "result": "75 \u0431\u0430\u043b\u0456\u0432 - \u0434\u043e\u0431\u0440\u0435"
    }
},
{
    "model": "students.result",
    "pk": 9,
    "fields": {
        "exams": 2,
        "groups": 2,
        "students": 5,
        "result": "60 \u0431\u0430\u043b\u0456\u0432 - \u0437\u0430\u0434\u043e\u0432\u0456\u043b\u044c\u043d\u043e"
    }
},
{
    "model": "students.monthjournal",
    "pk": 1,
    "fields": {
        "student": 5,
        "date": "2017-02-01",
        "present_day1": true,
        "present_day2": false,
        "present_day3": true,
        "present_day4": false,
        "present_day5": true,
        "present_day6": false,
        "present_day7": false,
        "present_day8": true,
        "present_day9": false,
        "present_day10": true,
        "present_day11": false,
        "present_day12": false,
        "present_day13": false,
        "present_day14": true,
        "present_day15": true,
        "present_day16": true,
        "present_day17": true,
        "present_day18": false,
        "present_day19": true,
        "present_day20": false,
        "present_day21": false,
        "present_day22": true,
        "present_day23": false,
        "present_day24": false,
        "present_day25": false,
        "present_day26": false,
        "present_day27": false,
        "present_day28": false,
        "present_day29": false,
        "present_day30": false,
        "present_day31": false
    }
},
{
    "model": "students.monthjournal",
    "pk": 2,
    "fields": {
        "student": 4,
        "date": "2017-02-01",
        "present_day1": false,
        "present_day2": false,
        "present_day3": false,
        "present_day4": false,
        "present_day5": false,
        "present_day6": false,
        "present_day7": true,
        "present_day8": false,
        "present_day9": true,
        "present_day10": true,
        "present_day11": false,
        "present_day12": false,
        "present_day13": false,
        "present_day14": true,
        "present_day15": false,
        "present_day16": false,
        "present_day17": false,
        "present_day18": false,
        "present_day19": true,
        "present_day20": false,
        "present_day21": false,
        "present_day22": false,
        "present_day23": false,
        "present_day24": false,
        "present_day25": false,
        "present_day26": false,
        "present_day27": false,
        "present_day28": false,
        "present_day29": false,
        "present_day30": false,
        "present_day31": false
    }
},
{
    "model": "students.monthjournal",
    "pk": 3,
    "fields": {
        "student": 2,
        "date": "2017-02-01",
        "present_day1": false,
        "present_day2": false,
        "present_day3": false,
        "present_day4": false,
        "present_day5": false,
        "present_day6": false,
        "present_day7": false,
        "present_day8": true,
        "present_day9": true,
        "present_day10": false,
        "present_day11": false,
        "present_day12": false,
        "present_day13": false,
        "present_day14": false,
        "present_day15": false,
        "present_day16": true,
        "present_day17": false,
        "present_day18": false,
        "present_day19": false,
        "present_day20": false,
        "present_day21": false,
        "present_day22": false,
        "present_day23": false,
        "present_day24": false,
        "present_day25": false,
        "present_day26": false,
        "present_day27": false,
        "present_day28": false,
        "present_day29": false,
        "present_day30": false,
        "present_day31": false
    }
},
{
    "model": "students.monthjournal",
    "pk": 4,
    "fields": {
        "student": 3,
        "date": "2017-02-01",
        "present_day1": false,
        "present_day2": false,
        "present_day3": false,
        "present_day4": true,
        "present_day5": false,
        "present_day6": false,
        "present_day7": false,
        "present_day8": false,
        "present_day9": false,
        "present_day10": false,
        "present_day11": true,
        "present_day12": false,
        "present_day13": false,
        "present_day14": false,
        "present_day15": false,
        "present_day16": false,
        "present_day17": false,
        "present_day18": false,
        "present_day19": false,
        "present_day20": false,
        "present_day21": false,
        "present_day22": false,
        "present_day23": false,
        "present_day24": true,
        "present_day25": false,
        "present_day26": false,
        "present_day27": false,
        "present_day28": false,
        "present_day29": false,
        "present_day30": false,
        "present_day31": false
    }
},
{
    "model": "students.monthjournal",
    "pk": 5,
    "fields": {
        "student": 1,
        "date": "2017-02-01",
        "present_day1": false,
        "present_day2": false,
        "present_day3": false,
        "present_day4": false,
        "present_day5": false,
        "present_day6": false,
        "present_day7": false,
        "present_day8": false,
        "present_day9": true,
        "present_day10": false,
        "present_day11": false,
        "present_day12": false,
        "present_day13": false,
        "present_day14": false,
        "present_day15": false,
        "present_day16": false,
        "present_day17": false,
        "present_day18": false,
        "present_day19": false,
        "present_day20": true,
        "present_day21": false,
        "present_day22": false,
        "present_day23": false,
        "present_day24": false,
        "present_day25": false,
        "present_day26": false,
        "present_day27": false,
        "present_day28": false,
        "present_day29": false,
        "present_day30": false,
        "present_day31": false
    }
},
{
    "model": "students.monthjournal",
    "pk": 6,
    "fields": {
        "student": 6,
        "date": "2017-02-01",
        "present_day1": false,
        "present_day2": false,
        "present_day3": true,
        "present_day4": false,
        "present_day5": false,
        "present_day6": false,
        "present_day7": true,
        "present_day8": false,
        "present_day9": false,
        "present_day10": false,
        "present_day11": false,
        "present_day12": false,
        "present_day13": false,
        "present_day14": true,
        "present_day15": false,
        "present_day16": false,
        "present_day17": true,
        "present_day18": false,
        "present_day19": false,
        "present_day20": false,
        "present_day21": false,
        "present_day22": true,
        "present_day23": false,
        "present_day24": false,
        "present_day25": true,
        "present_day26": false,
        "present_day27": false,
        "present_day28": false,
        "present_day29": false,
        "present_day30": false,
        "present_day31": false
    }
},
{
    "model": "students.monthjournal",
    "pk": 7,
    "fields": {
        "student": 9,
        "date": "2017-02-01",
        "present_day1": false,
        "present_day2": false,
        "present_day3": false,
        "present_day4": false,
        "present_day5": true,
        "present_day6": false,
        "present_day7": true,
        "present_day8": false,
        "present_day9": false,
        "present_day10": true,
        "present_day11": false,
        "present_day12": false,
        "present_day13": false,
        "present_day14": false,
        "present_day15": true,
        "present_day16": false,
        "present_day17": false,
        "present_day18": false,
        "present_day19": false,
        "present_day20": false,
        "present_day21": false,
        "present_day22": false,
        "present_day23": false,
        "present_day24": false,
        "present_day25": false,
        "present_day26": false,
        "present_day27": false,
        "present_day28": false,
        "present_day29": false,
        "present_day30": false,
        "present_day31": false
    }
},
{
    "model": "students.monthjournal",
    "pk": 8,
    "fields": {
        "student": 12,
        "date": "2017-02-01",
        "present_day1": false,
        "present_day2": false,
        "present_day3": false,
        "present_day4": false,
        "present_day5": true,
        "present_day6": false,
        "present_day7": false,
        "present_day8": false,
        "present_day9": false,
        "present_day10": false,
        "present_day11": false,
        "present_day12": false,
        "present_day13": true,
        "present_day14": false,
        "present_day15": true,
        "present_day16": false,
        "present_day17": false,
        "present_day18": true,
        "present_day19": false,
        "present_day20": true,
        "present_day21": false,
        "present_day22": true,
        "present_day23": false,
        "present_day24": true,
        "present_day25": false,
        "present_day26": true,
        "present_day27": false,
        "present_day28": false,
        "present_day29": false,
        "present_day30": false,
        "present_day31": false
    }
},
{
    "model": "students.monthjournal",
    "pk": 9,
    "fields": {
        "student": 8,
        "date": "2017-02-01",
        "present_day1": false,
        "present_day2": false,
        "present_day3": false,
        "present_day4": false,
        "present_day5": false,
        "present_day6": false,
        "present_day7": false,
        "present_day8": false,
        "present_day9": false,
        "present_day10": false,
        "present_day11": true,
        "present_day12": false,
        "present_day13": false,
        "present_day14": false,
        "present_day15": false,
        "present_day16": false,
        "present_day17": true,
        "present_day18": false,
        "present_day19": true,
        "present_day20": false,
        "present_day21": false,
        "present_day22": false,
        "present_day23": true,
        "present_day24": true,
        "present_day25": false,
        "present_day26": false,
        "present_day27": false,
        "present_day28": false,
        "present_day29": false,
        "present_day30": false,
        "present_day31": false
    }
},
{
    "model": "students.monthjournal",
    "pk": 10,
    "fields": {
        "student": 7,
        "date": "2017-02-01",
        "present_day1": false,
        "present_day2": false,
        "present_day3": false,
        "present_day4": false,
        "present_day5": false,
        "present_day6": false,
        "present_day7": true,
        "present_day8": false,
        "present_day9": false,
        "present_day10": false,
        "present_day11": false,
        "present_day12": false,
        "present_day13": false,
        "present_day14": false,
        "present_day15": false,
        "present_day16": false,
        "present_day17": false,
        "present_day18": false,
        "present_day19": false,
        "present_day20": false,
        "present_day21": false,
        "present_day22": false,
        "present_day23": false,
        "present_day24": false,
        "present_day25": true,
        "present_day26": false,
        "present_day27": false,
        "present_day28": false,
        "present_day29": false,
        "present_day30": false,
        "present_day31": false
    }
},
{
    "model": "students.monthjournal",
    "pk": 11,
    "fields": {
        "student": 11,
        "date": "2017-02-01",
        "present_day1": false,
        "present_day2": false,
        "present_day3": false,
        "present_day4": false,
        "present_day5": false,
        "present_day6": false,
        "present_day7": false,
        "present_day8": false,
        "present_day9": false,
        "present_day10": false,
        "present_day11": false,
        "present_day12": true,
        "present_day13": true,
        "present_day14": false,
        "present_day15": false,
        "present_day16": false,
        "present_day17": false,
        "present_day18": false,
        "present_day19": true,
        "present_day20": false,
        "present_day21": true,
        "present_day22": true,
        "present_day23": false,
        "present_day24": true,
        "present_day25": false,
        "present_day26": false,
        "present_day27": false,
        "present_day28": false,
        "present_day29": false,
        "present_day30": false,
        "present_day31": false
    }
},
{
    "model": "students.monthjournal",
    "pk": 12,
    "fields": {
        "student": 12,
        "date": "2017-03-01",
        "present_day1": false,
        "present_day2": false,
        "present_day3": false,
        "present_day4": false,
        "present_day5": false,
        "present_day6": false,
        "present_day7": false,
        "present_day8": false,
        "present_day9": true,
        "present_day10": false,
        "present_day11": true,
        "present_day12": false,
        "present_day13": false,
        "present_day14": false,
        "present_day15": true,
        "present_day16": false,
        "present_day17": false,
        "present_day18": false,
        "present_day19": false,
        "present_day20": false,
        "present_day21": false,
        "present_day22": false,
        "present_day23": false,
        "present_day24": false,
        "present_day25": false,
        "present_day26": false,
        "present_day27": false,
        "present_day28": false,
        "present_day29": false,
        "present_day30": false,
        "present_day31": false
    }
},
{
    "model": "students.monthjournal",
    "pk": 13,
    "fields": {
        "student": 8,
        "date": "2017-03-01",
        "present_day1": false,
        "present_day2": false,
        "present_day3": false,
        "present_day4": false,
        "present_day5": false,
        "present_day6": false,
        "present_day7": false,
        "present_day8": false,
        "present_day9": false,
        "present_day10": true,
        "present_day11": false,
        "present_day12": false,
        "present_day13": false,
        "present_day14": false,
        "present_day15": false,
        "present_day16": false,
        "present_day17": false,
        "present_day18": false,
        "present_day19": false,
        "present_day20": false,
        "present_day21": false,
        "present_day22": false,
        "present_day23": false,
        "present_day24": false,
        "present_day25": false,
        "present_day26": false,
        "present_day27": false,
        "present_day28": false,
        "present_day29": false,
        "present_day30": false,
        "present_day31": false
    }
},
{
    "model": "students.monthjournal",
    "pk": 14,
    "fields": {
        "student": 4,
        "date": "2017-03-01",
        "present_day1": false,
        "present_day2": false,
        "present_day3": false,
        "present_day4": false,
        "present_day5": false,
        "present_day6": false,
        "present_day7": false,
        "present_day8": false,
        "present_day9": false,
        "present_day10": false,
        "present_day11": false,
        "present_day12": false,
        "present_day13": false,
        "present_day14": false,
        "present_day15": false,
        "present_day16": true,
        "present_day17": false,
        "present_day18": false,
        "present_day19": false,
        "present_day20": false,
        "present_day21": false,
        "present_day22": false,
        "present_day23": false,
        "present_day24": false,
        "present_day25": false,
        "present_day26": false,
        "present_day27": false,
        "present_day28": false,
        "present_day29": false,
        "present_day30": false,
        "present_day31": false
    }
},
{
    "model": "students.monthjournal",
    "pk": 15,
    "fields": {
        "student": 11,
        "date": "2017-03-01",
        "present_day1": false,
        "present_day2": false,
        "present_day3": false,
        "present_day4": false,
        "present_day5": true,
        "present_day6": false,
        "present_day7": false,
        "present_day8": false,
        "present_day9": true,
        "present_day10": false,
        "present_day11": true,
        "present_day12": false,
        "present_day13": false,
        "present_day14": false,
        "present_day15": false,
        "present_day16": false,
        "present_day17": false,
        "present_day18": false,
        "present_day19": false,
        "present_day20": false,
        "present_day21": false,
        "present_day22": false,
        "present_day23": false,
        "present_day24": false,
        "present_day25": false,
        "present_day26": false,
        "present_day27": false,
        "present_day28": false,
        "present_day29": false,
        "present_day30": false,
        "present_day31": false
    }
},
{
    "model": "students.monthjournal",
    "pk": 16,
    "fields": {
        "student": 5,
        "date": "2017-03-01",
        "present_day1": false,
        "present_day2": false,
        "present_day3": false,
        "present_day4": false,
        "present_day5": false,
        "present_day6": false,
        "present_day7": false,
        "present_day8": false,
        "present_day9": true,
        "present_day10": false,
        "present_day11": false,
        "present_day12": false,
        "present_day13": false,
        "present_day14": true,
        "present_day15": false,
        "present_day16": false,
        "present_day17": false,
        "present_day18": false,
        "present_day19": false,
        "present_day20": false,
        "present_day21": true,
        "present_day22": false,
        "present_day23": false,
        "present_day24": false,
        "present_day25": false,
        "present_day26": false,
        "present_day27": false,
        "present_day28": false,
        "present_day29": false,
        "present_day30": false,
        "present_day31": false
    }
},
{
    "model": "students.monthjournal",
    "pk": 17,
    "fields": {
        "student": 6,
        "date": "2017-03-01",
        "present_day1": false,
        "present_day2": false,
        "present_day3": false,
        "present_day4": false,
        "present_day5": false,
        "present_day6": false,
        "present_day7": false,
        "present_day8": false,
        "present_day9": true,
        "present_day10": false,
        "present_day11": false,
        "present_day12": false,
        "present_day13": false,
        "present_day14": false,
        "present_day15": false,
        "present_day16": false,
        "present_day17": false,
        "present_day18": false,
        "present_day19": false,
        "present_day20": false,
        "present_day21": false,
        "present_day22": false,
        "present_day23": true,
        "present_day24": true,
        "present_day25": false,
        "present_day26": false,
        "present_day27": false,
        "present_day28": false,
        "present_day29": false,
        "present_day30": false,
        "present_day31": false
    }
},
{
    "model": "students.monthjournal",
    "pk": 18,
    "fields": {
        "student": 5,
        "date": "2017-04-01",
        "present_day1": false,
        "present_day2": true,
        "present_day3": true,
        "present_day4": true,
        "present_day5": true,
        "present_day6": true,
        "present_day7": false,
        "present_day8": true,
        "present_day9": false,
        "present_day10": true,
        "present_day11": true,
        "present_day12": false,
        "present_day13": true,
        "present_day14": true,
        "present_day15": false,
        "present_day16": false,
        "present_day17": false,
        "present_day18": true,
        "present_day19": true,
        "present_day20": true,
        "present_day21": false,
        "present_day22": false,
        "present_day23": true,
        "present_day24": true,
        "present_day25": false,
        "present_day26": true,
        "present_day27": false,
        "present_day28": true,
        "present_day29": false,
        "present_day30": false,
        "present_day31": false
    }
},
{
    "model": "students.monthjournal",
    "pk": 19,
    "fields": {
        "student": 6,
        "date": "2017-04-01",
        "present_day1": false,
        "present_day2": true,
        "present_day3": true,
        "present_day4": true,
        "present_day5": false,
        "present_day6": false,
        "present_day7": true,
        "present_day8": false,
        "present_day9": false,
        "present_day10": false,
        "present_day11": true,
        "present_day12": false,
        "present_day13": false,
        "present_day14": false,
        "present_day15": false,
        "present_day16": true,
        "present_day17": false,
        "present_day18": false,
        "present_day19": false,
        "present_day20": false,
        "present_day21": false,
        "present_day22": true,
        "present_day23": false,
        "present_day24": false,
        "present_day25": false,
        "present_day26": true,
        "present_day27": false,
        "present_day28": false,
        "present_day29": false,
        "present_day30": false,
        "present_day31": false
    }
},
{
    "model": "students.monthjournal",
    "pk": 20,
    "fields": {
        "student": 9,
        "date": "2017-04-01",
        "present_day1": false,
        "present_day2": false,
        "present_day3": true,
        "present_day4": false,
        "present_day5": false,
        "present_day6": true,
        "present_day7": false,
        "present_day8": false,
        "present_day9": true,
        "present_day10": false,
        "present_day11": true,
        "present_day12": true,
        "present_day13": false,
        "present_day14": false,
        "present_day15": true,
        "present_day16": true,
        "present_day17": true,
        "present_day18": false,
        "present_day19": false,
        "present_day20": true,
        "present_day21": false,
        "present_day22": true,
        "present_day23": false,
        "present_day24": true,
        "present_day25": false,
        "present_day26": true,
        "present_day27": false,
        "present_day28": false,
        "present_day29": true,
        "present_day30": true,
        "present_day31": false
    }
},
{
    "model": "students.monthjournal",
    "pk": 21,
    "fields": {
        "student": 11,
        "date": "2017-04-01",
        "present_day1": true,
        "present_day2": false,
        "present_day3": true,
        "present_day4": true,
        "present_day5": false,
        "present_day6": true,
        "present_day7": false,
        "present_day8": true,
        "present_day9": false,
        "present_day10": false,
        "present_day11": false,
        "present_day12": true,
        "present_day13": false,
        "present_day14": true,
        "present_day15": false,
        "present_day16": true,
        "present_day17": false,
        "present_day18": true,
        "present_day19": false,
        "present_day20": false,
        "present_day21": true,
        "present_day22": false,
        "present_day23": true,
        "present_day24": true,
        "present_day25": false,
        "present_day26": true,
        "present_day27": false,
        "present_day28": false,
        "present_day29": true,
        "present_day30": true,
        "present_day31": false
    }
},
{
    "model": "students.monthjournal",
    "pk": 22,
    "fields": {
        "student": 12,
        "date": "2017-04-01",
        "present_day1": true,
        "present_day2": false,
        "present_day3": true,
        "present_day4": false,
        "present_day5": false,
        "present_day6": true,
        "present_day7": false,
        "present_day8": false,
        "present_day9": false,
        "present_day10": true,
        "present_day11": false,
        "present_day12": true,
        "present_day13": false,
        "present_day14": false,
        "present_day15": false,
        "present_day16": false,
        "present_day17": true,
        "present_day18": false,
        "present_day19": true,
        "present_day20": true,
        "present_day21": false,
        "present_day22": false,
        "present_day23": true,
        "present_day24": false,
        "present_day25": false,
        "present_day26": true,
        "present_day27": false,
        "present_day28": false,
        "present_day29": false,
        "present_day30": true,
        "present_day31": false
    }
},
{
    "model": "students.monthjournal",
    "pk": 23,
    "fields": {
        "student": 4,
        "date": "2017-04-01",
        "present_day1": false,
        "present_day2": false,
        "present_day3": true,
        "present_day4": false,
        "present_day5": false,
        "present_day6": false,
        "present_day7": true,
        "present_day8": false,
        "present_day9": false,
        "present_day10": true,
        "present_day11": false,
        "present_day12": false,
        "present_day13": true,
        "present_day14": false,
        "present_day15": true,
        "present_day16": true,
        "present_day17": true,
        "present_day18": true,
        "present_day19": true,
        "present_day20": true,
        "present_day21": true,
        "present_day22": true,
        "present_day23": false,
        "present_day24": true,
        "present_day25": true,
        "present_day26": true,
        "present_day27": true,
        "present_day28": true,
        "present_day29": false,
        "present_day30": false,
        "present_day31": false
    }
},
{
    "model": "students.monthjournal",
    "pk": 24,
    "fields": {
        "student": 8,
        "date": "2017-04-01",
        "present_day1": false,
        "present_day2": false,
        "present_day3": false,
        "present_day4": false,
        "present_day5": false,
        "present_day6": false,
        "present_day7": true,
        "present_day8": false,
        "present_day9": false,
        "present_day10": true,
        "present_day11": false,
        "present_day12": false,
        "present_day13": false,
        "present_day14": true,
        "present_day15": false,
        "present_day16": true,
        "present_day17": false,
        "present_day18": true,
        "present_day19": false,
        "present_day20": false,
        "present_day21": false,
        "present_day22": false,
        "present_day23": false,
        "present_day24": true,
        "present_day25": false,
        "present_day26": false,
        "present_day27": true,
        "present_day28": false,
        "present_day29": false,
        "present_day30": false,
        "present_day31": false
    }
},
{
    "model": "students.monthjournal",
    "pk": 25,
    "fields": {
        "student": 7,
        "date": "2017-04-01",
        "present_day1": false,
        "present_day2": false,
        "present_day3": false,
        "present_day4": false,
        "present_day5": true,
        "present_day6": false,
        "present_day7": false,
        "present_day8": false,
        "present_day9": false,
        "present_day10": false,
        "present_day11": false,
        "present_day12": false,
        "present_day13": true,
        "present_day14": false,
        "present_day15": false,
        "present_day16": false,
        "present_day17": false,
        "present_day18": true,
        "present_day19": false,
        "present_day20": false,
        "present_day21": true,
        "present_day22": false,
        "present_day23": false,
        "present_day24": true,
        "present_day25": false,
        "present_day26": false,
        "present_day27": false,
        "present_day28": false,
        "present_day29": true,
        "present_day30": false,
        "present_day31": false
    }
},
{
    "model": "students.monthjournal",
    "pk": 26,
    "fields": {
        "student": 3,
        "date": "2017-04-01",
        "present_day1": false,
        "present_day2": false,
        "present_day3": false,
        "present_day4": true,
        "present_day5": false,
        "present_day6": false,
        "present_day7": false,
        "present_day8": true,
        "present_day9": false,
        "present_day10": false,
        "present_day11": false,
        "present_day12": false,
        "present_day13": true,
        "present_day14": false,
        "present_day15": false,
        "present_day16": false,
        "present_day17": false,
        "present_day18": false,
        "present_day19": true,
        "present_day20": false,
        "present_day21": false,
        "present_day22": false,
        "present_day23": false,
        "present_day24": false,
        "present_day25": false,
        "present_day26": false,
        "present_day27": true,
        "present_day28": false,
        "present_day29": false,
        "present_day30": true,
        "present_day31": false
    }
},
{
    "model": "students.monthjournal",
    "pk": 27,
    "fields": {
        "student": 2,
        "date": "2017-04-01",
        "present_day1": true,
        "present_day2": false,
        "present_day3": false,
        "present_day4": false,
        "present_day5": false,
        "present_day6": true,
        "present_day7": false,
        "present_day8": false,
        "present_day9": true,
        "present_day10": false,
        "present_day11": false,
        "present_day12": false,
        "present_day13": true,
        "present_day14": false,
        "present_day15": false,
        "present_day16": false,
        "present_day17": true,
        "present_day18": false,
        "present_day19": false,
        "present_day20": false,
        "present_day21": true,
        "present_day22": false,
        "present_day23": false,
        "present_day24": false,
        "present_day25": true,
        "present_day26": false,
        "present_day27": false,
        "present_day28": false,
        "present_day29": false,
        "present_day30": true,
        "present_day31": false
    }
},
{
    "model": "students.monthjournal",
    "pk": 28,
    "fields": {
        "student": 10,
        "date": "2017-04-01",
        "present_day1": true,
        "present_day2": false,
        "present_day3": true,
        "present_day4": true,
        "present_day5": false,
        "present_day6": true,
        "present_day7": false,
        "present_day8": true,
        "present_day9": true,
        "present_day10": false,
        "present_day11": true,
        "present_day12": false,
        "present_day13": false,
        "present_day14": true,
        "present_day15": false,
        "present_day16": true,
        "present_day17": true,
        "present_day18": false,
        "present_day19": true,
        "present_day20": true,
        "present_day21": false,
        "present_day22": true,
        "present_day23": false,
        "present_day24": true,
        "present_day25": false,
        "present_day26": true,
        "present_day27": false,
        "present_day28": false,
        "present_day29": true,
        "present_day30": false,
        "present_day31": false
    }
},
{
    "model": "students.monthjournal",
    "pk": 29,
    "fields": {
        "student": 1,
        "date": "2017-04-01",
        "present_day1": false,
        "present_day2": true,
        "present_day3": true,
        "present_day4": true,
        "present_day5": false,
        "present_day6": false,
        "present_day7": true,
        "present_day8": false,
        "present_day9": false,
        "present_day10": true,
        "present_day11": true,
        "present_day12": true,
        "present_day13": true,
        "present_day14": true,
        "present_day15": false,
        "present_day16": true,
        "present_day17": false,
        "present_day18": false,
        "present_day19": true,
        "present_day20": false,
        "present_day21": false,
        "present_day22": true,
        "present_day23": false,
        "present_day24": true,
        "present_day25": false,
        "present_day26": true,
        "present_day27": false,
        "present_day28": false,
        "present_day29": true,
        "present_day30": false,
        "present_day31": false
    }
},
{
    "model": "students.monthjournal",
    "pk": 30,
    "fields": {
        "student": 5,
        "date": "2017-05-01",
        "present_day1": false,
        "present_day2": true,
        "present_day3": false,
        "present_day4": true,
        "present_day5": false,
        "present_day6": false,
        "present_day7": false,
        "present_day8": true,
        "present_day9": false,
        "present_day10": true,
        "present_day11": false,
        "present_day12": true,
        "present_day13": false,
        "present_day14": true,
        "present_day15": false,
        "present_day16": false,
        "present_day17": true,
        "present_day18": false,
        "present_day19": false,
        "present_day20": true,
        "present_day21": false,
        "present_day22": false,
        "present_day23": true,
        "present_day24": false,
        "present_day25": true,
        "present_day26": false,
        "present_day27": false,
        "present_day28": true,
        "present_day29": false,
        "present_day30": true,
        "present_day31": true
    }
},
{
    "model": "students.monthjournal",
    "pk": 31,
    "fields": {
        "student": 11,
        "date": "2017-05-01",
        "present_day1": false,
        "present_day2": false,
        "present_day3": true,
        "present_day4": true,
        "present_day5": false,
        "present_day6": true,
        "present_day7": false,
        "present_day8": false,
        "present_day9": false,
        "present_day10": false,
        "present_day11": true,
        "present_day12": true,
        "present_day13": false,
        "present_day14": false,
        "present_day15": false,
        "present_day16": true,
        "present_day17": true,
        "present_day18": false,
        "present_day19": true,
        "present_day20": false,
        "present_day21": true,
        "present_day22": true,
        "present_day23": false,
        "present_day24": false,
        "present_day25": false,
        "present_day26": true,
        "present_day27": false,
        "present_day28": false,
        "present_day29": true,
        "present_day30": false,
        "present_day31": false
    }
},
{
    "model": "students.monthjournal",
    "pk": 32,
    "fields": {
        "student": 12,
        "date": "2017-05-01",
        "present_day1": true,
        "present_day2": true,
        "present_day3": false,
        "present_day4": true,
        "present_day5": true,
        "present_day6": false,
        "present_day7": false,
        "present_day8": true,
        "present_day9": false,
        "present_day10": false,
        "present_day11": true,
        "present_day12": false,
        "present_day13": true,
        "present_day14": true,
        "present_day15": false,
        "present_day16": true,
        "present_day17": false,
        "present_day18": false,
        "present_day19": false,
        "present_day20": false,
        "present_day21": true,
        "present_day22": false,
        "present_day23": true,
        "present_day24": true,
        "present_day25": false,
        "present_day26": true,
        "present_day27": false,
        "present_day28": false,
        "present_day29": true,
        "present_day30": false,
        "present_day31": true
    }
},
{
    "model": "students.monthjournal",
    "pk": 33,
    "fields": {
        "student": 9,
        "date": "2017-05-01",
        "present_day1": true,
        "present_day2": false,
        "present_day3": false,
        "present_day4": false,
        "present_day5": true,
        "present_day6": false,
        "present_day7": true,
        "present_day8": false,
        "present_day9": true,
        "present_day10": true,
        "present_day11": false,
        "present_day12": false,
        "present_day13": true,
        "present_day14": false,
        "present_day15": true,
        "present_day16": false,
        "present_day17": false,
        "present_day18": false,
        "present_day19": false,
        "present_day20": true,
        "present_day21": true,
        "present_day22": false,
        "present_day23": false,
        "present_day24": false,
        "present_day25": true,
        "present_day26": false,
        "present_day27": false,
        "present_day28": false,
        "present_day29": true,
        "present_day30": false,
        "present_day31": true
    }
},
{
    "model": "students.monthjournal",
    "pk": 34,
    "fields": {
        "student": 6,
        "date": "2017-05-01",
        "present_day1": true,
        "present_day2": true,
        "present_day3": true,
        "present_day4": false,
        "present_day5": true,
        "present_day6": false,
        "present_day7": true,
        "present_day8": false,
        "present_day9": false,
        "present_day10": false,
        "present_day11": true,
        "present_day12": false,
        "present_day13": false,
        "present_day14": true,
        "present_day15": true,
        "present_day16": false,
        "present_day17": true,
        "present_day18": false,
        "present_day19": false,
        "present_day20": false,
        "present_day21": false,
        "present_day22": false,
        "present_day23": false,
        "present_day24": true,
        "present_day25": false,
        "present_day26": false,
        "present_day27": false,
        "present_day28": false,
        "present_day29": true,
        "present_day30": false,
        "present_day31": false
    }
},
{
    "model": "students.monthjournal",
    "pk": 35,
    "fields": {
        "student": 4,
        "date": "2017-05-01",
        "present_day1": false,
        "present_day2": true,
        "present_day3": true,
        "present_day4": true,
        "present_day5": false,
        "present_day6": true,
        "present_day7": false,
        "present_day8": true,
        "present_day9": false,
        "present_day10": false,
        "present_day11": false,
        "present_day12": false,
        "present_day13": true,
        "present_day14": false,
        "present_day15": true,
        "present_day16": true,
        "present_day17": false,
        "present_day18": true,
        "present_day19": false,
        "present_day20": true,
        "present_day21": true,
        "present_day22": false,
        "present_day23": false,
        "present_day24": false,
        "present_day25": false,
        "present_day26": false,
        "present_day27": true,
        "present_day28": false,
        "present_day29": true,
        "present_day30": false,
        "present_day31": false
    }
},
{
    "model": "students.monthjournal",
    "pk": 36,
    "fields": {
        "student": 8,
        "date": "2017-05-01",
        "present_day1": true,
        "present_day2": false,
        "present_day3": false,
        "present_day4": false,
        "present_day5": false,
        "present_day6": true,
        "present_day7": false,
        "present_day8": true,
        "present_day9": false,
        "present_day10": true,
        "present_day11": false,
        "present_day12": true,
        "present_day13": false,
        "present_day14": true,
        "present_day15": false,
        "present_day16": true,
        "present_day17": false,
        "present_day18": true,
        "present_day19": true,
        "present_day20": false,
        "present_day21": true,
        "present_day22": false,
        "present_day23": false,
        "present_day24": true,
        "present_day25": true,
        "present_day26": false,
        "present_day27": false,
        "present_day28": false,
        "present_day29": true,
        "present_day30": false,
        "present_day31": false
    }
},
{
    "model": "students.monthjournal",
    "pk": 37,
    "fields": {
        "student": 2,
        "date": "2017-05-01",
        "present_day1": false,
        "present_day2": true,
        "present_day3": false,
        "present_day4": false,
        "present_day5": true,
        "present_day6": true,
        "present_day7": true,
        "present_day8": true,
        "present_day9": true,
        "present_day10": false,
        "present_day11": false,
        "present_day12": false,
        "present_day13": true,
        "present_day14": true,
        "present_day15": true,
        "present_day16": false,
        "present_day17": false,
        "present_day18": true,
        "present_day19": false,
        "present_day20": true,
        "present_day21": true,
        "present_day22": false,
        "present_day23": false,
        "present_day24": false,
        "present_day25": false,
        "present_day26": false,
        "present_day27": false,
        "present_day28": false,
        "present_day29": true,
        "present_day30": false,
        "present_day31": false
    }
},
{
    "model": "students.monthjournal",
    "pk": 38,
    "fields": {
        "student": 3,
        "date": "2017-05-01",
        "present_day1": true,
        "present_day2": false,
        "present_day3": false,
        "present_day4": false,
        "present_day5": true,
        "present_day6": false,
        "present_day7": true,
        "present_day8": false,
        "present_day9": false,
        "present_day10": false,
        "present_day11": false,
        "present_day12": false,
        "present_day13": true,
        "present_day14": false,
        "present_day15": true,
        "present_day16": false,
        "present_day17": true,
        "present_day18": false,
        "present_day19": false,
        "present_day20": false,
        "present_day21": true,
        "present_day22": false,
        "present_day23": false,
        "present_day24": true,
        "present_day25": true,
        "present_day26": false,
        "present_day27": true,
        "present_day28": false,
        "present_day29": false,
        "present_day30": true,
        "present_day31": true
    }
},
{
    "model": "students.monthjournal",
    "pk": 39,
    "fields": {
        "student": 7,
        "date": "2017-05-01",
        "present_day1": true,
        "present_day2": false,
        "present_day3": false,
        "present_day4": true,
        "present_day5": false,
        "present_day6": false,
        "present_day7": false,
        "present_day8": false,
        "present_day9": false,
        "present_day10": true,
        "present_day11": false,
        "present_day12": true,
        "present_day13": true,
        "present_day14": true,
        "present_day15": true,
        "present_day16": false,
        "present_day17": true,
        "present_day18": false,
        "present_day19": false,
        "present_day20": false,
        "present_day21": true,
        "present_day22": false,
        "present_day23": true,
        "present_day24": false,
        "present_day25": false,
        "present_day26": true,
        "present_day27": false,
        "present_day28": false,
        "present_day29": false,
        "present_day30": false,
        "present_day31": false
    }
},
{
    "model": "students.monthjournal",
    "pk": 40,
    "fields": {
        "student": 10,
        "date": "2017-05-01",
        "present_day1": true,
        "present_day2": false,
        "present_day3": true,
        "present_day4": false,
        "present_day5": true,
        "present_day6": false,
        "present_day7": false,
        "present_day8": true,
        "present_day9": false,
        "present_day10": true,
        "present_day11": true,
        "present_day12": false,
        "present_day13": true,
        "present_day14": false,
        "present_day15": true,
        "present_day16": false,
        "present_day17": true,
        "present_day18": true,
        "present_day19": false,
        "present_day20": false,
        "present_day21": true,
        "present_day22": true,
        "present_day23": false,
        "present_day24": false,
        "present_day25": false,
        "present_day26": true,
        "present_day27": false,
        "present_day28": true,
        "present_day29": false,
        "present_day30": true,
        "present_day31": false
    }
},
{
    "model": "students.monthjournal",
    "pk": 41,
    "fields": {
        "student": 1,
        "date": "2017-05-01",
        "present_day1": false,
        "present_day2": false,
        "present_day3": true,
        "present_day4": false,
        "present_day5": true,
        "present_day6": false,
        "present_day7": true,
        "present_day8": false,
        "present_day9": false,
        "present_day10": true,
        "present_day11": false,
        "present_day12": true,
        "present_day13": false,
        "present_day14": false,
        "present_day15": true,
        "present_day16": false,
        "present_day17": false,
        "present_day18": true,
        "present_day19": false,
        "present_day20": false,
        "present_day21": true,
        "present_day22": false,
        "present_day23": true,
        "present_day24": true,
        "present_day25": false,
        "present_day26": false,
        "present_day27": true,
        "present_day28": false,
        "present_day29": false,
        "present_day30": true,
        "present_day31": false
    }
},
{
    "model": "students.monthjournal",
    "pk": 42,
    "fields": {
        "student": 5,
        "date": "2017-06-01",
        "present_day1": false,
        "present_day2": false,
        "present_day3": true,
        "present_day4": true,
        "present_day5": false,
        "present_day6": false,
        "present_day7": false,
        "present_day8": false,
        "present_day9": false,
        "present_day10": false,
        "present_day11": false,
        "present_day12": false,
        "present_day13": false,
        "present_day14": false,
        "present_day15": false,
        "present_day16": false,
        "present_day17": false,
        "present_day18": false,
        "present_day19": false,
        "present_day20": false,
        "present_day21": false,
        "present_day22": false,
        "present_day23": false,
        "present_day24": false,
        "present_day25": false,
        "present_day26": false,
        "present_day27": false,
        "present_day28": false,
        "present_day29": false,
        "present_day30": false,
        "present_day31": false
    }
},
{
    "model": "auth.permission",
    "pk": 1,
    "fields": {
        "name": "Can add log entry",
        "content_type": 1,
        "codename": "add_logentry"
    }
},
{
    "model": "auth.permission",
    "pk": 2,
    "fields": {
        "name": "Can change log entry",
        "content_type": 1,
        "codename": "change_logentry"
    }
},
{
    "model": "auth.permission",
    "pk": 3,
    "fields": {
        "name": "Can delete log entry",
        "content_type": 1,
        "codename": "delete_logentry"
    }
},
{
    "model": "auth.permission",
    "pk": 4,
    "fields": {
        "name": "Can add permission",
        "content_type": 2,
        "codename": "add_permission"
    }
},
{
    "model": "auth.permission",
    "pk": 5,
    "fields": {
        "name": "Can change permission",
        "content_type": 2,
        "codename": "change_permission"
    }
},
{
    "model": "auth.permission",
    "pk": 6,
    "fields": {
        "name": "Can delete permission",
        "content_type": 2,
        "codename": "delete_permission"
    }
},
{
    "model": "auth.permission",
    "pk": 7,
    "fields": {
        "name": "Can add group",
        "content_type": 3,
        "codename": "add_group"
    }
},
{
    "model": "auth.permission",
    "pk": 8,
    "fields": {
        "name": "Can change group",
        "content_type": 3,
        "codename": "change_group"
    }
},
{
    "model": "auth.permission",
    "pk": 9,
    "fields": {
        "name": "Can delete group",
        "content_type": 3,
        "codename": "delete_group"
    }
},
{
    "model": "auth.permission",
    "pk": 10,
    "fields": {
        "name": "Can add user",
        "content_type": 4,
        "codename": "add_user"
    }
},
{
    "model": "auth.permission",
    "pk": 11,
    "fields": {
        "name": "Can change user",
        "content_type": 4,
        "codename": "change_user"
    }
},
{
    "model": "auth.permission",
    "pk": 12,
    "fields": {
        "name": "Can delete user",
        "content_type": 4,
        "codename": "delete_user"
    }
},
{
    "model": "auth.permission",
    "pk": 13,
    "fields": {
        "name": "Can add content type",
        "content_type": 5,
        "codename": "add_contenttype"
    }
},
{
    "model": "auth.permission",
    "pk": 14,
    "fields": {
        "name": "Can change content type",
        "content_type": 5,
        "codename": "change_contenttype"
    }
},
{
    "model": "auth.permission",
    "pk": 15,
    "fields": {
        "name": "Can delete content type",
        "content_type": 5,
        "codename": "delete_contenttype"
    }
},
{
    "model": "auth.permission",
    "pk": 16,
    "fields": {
        "name": "Can add session",
        "content_type": 6,
        "codename": "add_session"
    }
},
{
    "model": "auth.permission",
    "pk": 17,
    "fields": {
        "name": "Can change session",
        "content_type": 6,
        "codename": "change_session"
    }
},
{
    "model": "auth.permission",
    "pk": 18,
    "fields": {
        "name": "Can delete session",
        "content_type": 6,
        "codename": "delete_session"
    }
},
{
    "model": "auth.permission",
    "pk": 19,
    "fields": {
        "name": "Can add Student",
        "content_type": 7,
        "codename": "add_student"
    }
},
{
    "model": "auth.permission",
    "pk": 20,
    "fields": {
        "name": "Can change Student",
        "content_type": 7,
        "codename": "change_student"
    }
},
{
    "model": "auth.permission",
    "pk": 21,
    "fields": {
        "name": "Can delete Student",
        "content_type": 7,
        "codename": "delete_student"
    }
},
{
    "model": "auth.permission",
    "pk": 22,
    "fields": {
        "name": "Can add \u0413\u0440\u0443\u043f\u0430",
        "content_type": 8,
        "codename": "add_group"
    }
},
{
    "model": "auth.permission",
    "pk": 23,
    "fields": {
        "name": "Can change \u0413\u0440\u0443\u043f\u0430",
        "content_type": 8,
        "codename": "change_group"
    }
},
{
    "model": "auth.permission",
    "pk": 24,
    "fields": {
        "name": "Can delete \u0413\u0440\u0443\u043f\u0430",
        "content_type": 8,
        "codename": "delete_group"
    }
},
{
    "model": "auth.permission",
    "pk": 25,
    "fields": {
        "name": "Can add \u0406\u0441\u043f\u0438\u0442",
        "content_type": 9,
        "codename": "add_exam"
    }
},
{
    "model": "auth.permission",
    "pk": 26,
    "fields": {
        "name": "Can change \u0406\u0441\u043f\u0438\u0442",
        "content_type": 9,
        "codename": "change_exam"
    }
},
{
    "model": "auth.permission",
    "pk": 27,
    "fields": {
        "name": "Can delete \u0406\u0441\u043f\u0438\u0442",
        "content_type": 9,
        "codename": "delete_exam"
    }
},
{
    "model": "auth.permission",
    "pk": 28,
    "fields": {
        "name": "Can add \u0420\u0435\u0437\u0443\u043b\u044c\u0442\u0430\u0442 \u0406\u0441\u043f\u0438\u0442\u0443",
        "content_type": 10,
        "codename": "add_result"
    }
},
{
    "model": "auth.permission",
    "pk": 29,
    "fields": {
        "name": "Can change \u0420\u0435\u0437\u0443\u043b\u044c\u0442\u0430\u0442 \u0406\u0441\u043f\u0438\u0442\u0443",
        "content_type": 10,
        "codename": "change_result"
    }
},
{
    "model": "auth.permission",
    "pk": 30,
    "fields": {
        "name": "Can delete \u0420\u0435\u0437\u0443\u043b\u044c\u0442\u0430\u0442 \u0406\u0441\u043f\u0438\u0442\u0443",
        "content_type": 10,
        "codename": "delete_result"
    }
},
{
    "model": "auth.permission",
    "pk": 31,
    "fields": {
        "name": "Can add \u041c\u0456\u0441\u044f\u0447\u043d\u0438\u0439 \u0416\u0443\u0440\u043d\u0430\u043b",
        "content_type": 11,
        "codename": "add_monthjournal"
    }
},
{
    "model": "auth.permission",
    "pk": 32,
    "fields": {
        "name": "Can change \u041c\u0456\u0441\u044f\u0447\u043d\u0438\u0439 \u0416\u0443\u0440\u043d\u0430\u043b",
        "content_type": 11,
        "codename": "change_monthjournal"
    }
},
{
    "model": "auth.permission",
    "pk": 33,
    "fields": {
        "name": "Can delete \u041c\u0456\u0441\u044f\u0447\u043d\u0438\u0439 \u0416\u0443\u0440\u043d\u0430\u043b",
        "content_type": 11,
        "codename": "delete_monthjournal"
    }
},
{
    "model": "auth.permission",
    "pk": 34,
    "fields": {
        "name": "Can add site",
        "content_type": 12,
        "codename": "add_site"
    }
},
{
    "model": "auth.permission",
    "pk": 35,
    "fields": {
        "name": "Can change site",
        "content_type": 12,
        "codename": "change_site"
    }
},
{
    "model": "auth.permission",
    "pk": 36,
    "fields": {
        "name": "Can delete site",
        "content_type": 12,
        "codename": "delete_site"
    }
},
{
    "model": "auth.permission",
    "pk": 37,
    "fields": {
        "name": "Can add registration profile",
        "content_type": 13,
        "codename": "add_registrationprofile"
    }
},
{
    "model": "auth.permission",
    "pk": 38,
    "fields": {
        "name": "Can change registration profile",
        "content_type": 13,
        "codename": "change_registrationprofile"
    }
},
{
    "model": "auth.permission",
    "pk": 39,
    "fields": {
        "name": "Can delete registration profile",
        "content_type": 13,
        "codename": "delete_registrationprofile"
    }
},
{
    "model": "auth.permission",
    "pk": 40,
    "fields": {
        "name": "Can add User Profile",
        "content_type": 14,
        "codename": "add_stprofile"
    }
},
{
    "model": "auth.permission",
    "pk": 41,
    "fields": {
        "name": "Can change User Profile",
        "content_type": 14,
        "codename": "change_stprofile"
    }
},
{
    "model": "auth.permission",
    "pk": 42,
    "fields": {
        "name": "Can delete User Profile",
        "content_type": 14,
        "codename": "delete_stprofile"
    }
},
{
    "model": "auth.permission",
    "pk": 43,
    "fields": {
        "name": "Can add user social auth",
        "content_type": 15,
        "codename": "add_usersocialauth"
    }
},
{
    "model": "auth.permission",
    "pk": 44,
    "fields": {
        "name": "Can change user social auth",
        "content_type": 15,
        "codename": "change_usersocialauth"
    }
},
{
    "model": "auth.permission",
    "pk": 45,
    "fields": {
        "name": "Can delete user social auth",
        "content_type": 15,
        "codename": "delete_usersocialauth"
    }
},
{
    "model": "auth.permission",
    "pk": 46,
    "fields": {
        "name": "Can add nonce",
        "content_type": 16,
        "codename": "add_nonce"
    }
},
{
    "model": "auth.permission",
    "pk": 47,
    "fields": {
        "name": "Can change nonce",
        "content_type": 16,
        "codename": "change_nonce"
    }
},
{
    "model": "auth.permission",
    "pk": 48,
    "fields": {
        "name": "Can delete nonce",
        "content_type": 16,
        "codename": "delete_nonce"
    }
},
{
    "model": "auth.permission",
    "pk": 49,
    "fields": {
        "name": "Can add association",
        "content_type": 17,
        "codename": "add_association"
    }
},
{
    "model": "auth.permission",
    "pk": 50,
    "fields": {
        "name": "Can change association",
        "content_type": 17,
        "codename": "change_association"
    }
},
{
    "model": "auth.permission",
    "pk": 51,
    "fields": {
        "name": "Can delete association",
        "content_type": 17,
        "codename": "delete_association"
    }
},
{
    "model": "auth.permission",
    "pk": 52,
    "fields": {
        "name": "Can add code",
        "content_type": 18,
        "codename": "add_code"
    }
},
{
    "model": "auth.permission",
    "pk": 53,
    "fields": {
        "name": "Can change code",
        "content_type": 18,
        "codename": "change_code"
    }
},
{
    "model": "auth.permission",
    "pk": 54,
    "fields": {
        "name": "Can delete code",
        "content_type": 18,
        "codename": "delete_code"
    }
},
{
    "model": "auth.permission",
    "pk": 55,
    "fields": {
        "name": "Can add ulogin user",
        "content_type": 19,
        "codename": "add_uloginuser"
    }
},
{
    "model": "auth.permission",
    "pk": 56,
    "fields": {
        "name": "Can change ulogin user",
        "content_type": 19,
        "codename": "change_uloginuser"
    }
},
{
    "model": "auth.permission",
    "pk": 57,
    "fields": {
        "name": "Can delete ulogin user",
        "content_type": 19,
        "codename": "delete_uloginuser"
    }
},
{
    "model": "auth.permission",
    "pk": 58,
    "fields": {
        "name": "Can add User Profile",
        "content_type": 20,
        "codename": "add_stprofile"
    }
},
{
    "model": "auth.permission",
    "pk": 59,
    "fields": {
        "name": "Can change User Profile",
        "content_type": 20,
        "codename": "change_stprofile"
    }
},
{
    "model": "auth.permission",
    "pk": 60,
    "fields": {
        "name": "Can delete User Profile",
        "content_type": 20,
        "codename": "delete_stprofile"
    }
},
{
    "model": "auth.user",
    "pk": 1,
    "fields": {
        "password": "pbkdf2_sha256$24000$E4CeatX18g5A$4DjmoMTlKWnMo/LTEII6Bn4vFHwslWx5XwNHmKB50yU=",
        "last_login": "2017-06-26T08:18:52.889Z",
        "is_superuser": true,
        "username": "lemk",
        "first_name": "\u0414\u0430\u043d\u0438\u043b\u043e",
        "last_name": "\u041a\u043e\u0441\u0442\u0438\u0448\u0430\u043a",
        "email": "lemk@ukr.net",
        "is_staff": true,
        "is_active": true,
        "date_joined": "2017-02-20T12:12:18Z",
        "groups": [],
        "user_permissions": []
    }
},
{
    "model": "auth.user",
    "pk": 2,
    "fields": {
        "password": "pbkdf2_sha256$24000$DYH1F2AjICRf$Dq662cfUI43c+e8xTTdU2yUz3xMg1uxcqrRHVVhL7io=",
        "last_login": "2017-03-22T18:47:02.408Z",
        "is_superuser": false,
        "username": "admin",
        "first_name": "Dan",
        "last_name": "Kostyshak",
        "email": "lemk1997@gmail.com",
        "is_staff": false,
        "is_active": true,
        "date_joined": "2017-03-22T18:47:02.114Z",
        "groups": [],
        "user_permissions": []
    }
},
{
    "model": "auth.user",
    "pk": 3,
    "fields": {
        "password": "pbkdf2_sha256$24000$W1x79KwywlM2$fdDz4BRWu5UJC1WOpy5u/GlcI1xpsnSjMILuAXLLTQQ=",
        "last_login": "2017-04-10T17:22:20.033Z",
        "is_superuser": false,
        "username": "real_lemk",
        "first_name": "\u0412\u0456\u043a\u0442\u043e\u0440",
        "last_name": "\u0421\u0442\u0435\u043f\u0430\u043d\u0435\u043d\u043a\u043e",
        "email": "fclub@gmail.com",
        "is_staff": false,
        "is_active": true,
        "date_joined": "2017-03-29T19:52:30.508Z",
        "groups": [],
        "user_permissions": []
    }
},
{
    "model": "auth.user",
    "pk": 4,
    "fields": {
        "password": "pbkdf2_sha256$24000$bf6wO2cwi79U$YDSYZgN2UBdvG3nED6U1Ym5+YDlL+ifbrPDmqYmkPcY=",
        "last_login": "2017-03-29T20:00:13.406Z",
        "is_superuser": false,
        "username": "rotmistrov",
        "first_name": "\u0421\u0435\u0440\u0433\u0456\u0439",
        "last_name": "\u0420\u043e\u0442\u043c\u0438\u0441\u0442\u0440\u043e\u0432",
        "email": "rotmistrov1111@i.ua",
        "is_staff": false,
        "is_active": true,
        "date_joined": "2017-03-29T20:00:13.121Z",
        "groups": [],
        "user_permissions": []
    }
},
{
    "model": "auth.user",
    "pk": 5,
    "fields": {
        "password": "pbkdf2_sha256$24000$CtiUlsBJggCq$TrhClUURDCXAmGdn/DsvSN5v2aMN3dfNZ9pUsVXczfc=",
        "last_login": "2017-03-29T20:06:34.117Z",
        "is_superuser": false,
        "username": "mexo",
        "first_name": "\u041c\u0435\u0445\u043e",
        "last_name": "\u041c\u0438\u0445\u0430\u0439\u043b\u043e\u0432\u0438\u0447",
        "email": "mexo@gmail.com",
        "is_staff": false,
        "is_active": true,
        "date_joined": "2017-03-29T20:06:33.807Z",
        "groups": [],
        "user_permissions": []
    }
},
{
    "model": "auth.user",
    "pk": 6,
    "fields": {
        "password": "!tig2EWWnm3n9YNxRax6d4EyUaUm7TAGv5ghSFfdN",
        "last_login": "2017-05-13T18:41:28.909Z",
        "is_superuser": false,
        "username": "DaniilKost",
        "first_name": "Daniil",
        "last_name": "Kost",
        "email": "mail@gmail.com",
        "is_staff": false,
        "is_active": true,
        "date_joined": "2017-03-30T19:06:14.444Z",
        "groups": [],
        "user_permissions": []
    }
},
{
    "model": "auth.user",
    "pk": 7,
    "fields": {
        "password": "!CR7sGQIEzwHb97wSy7s9oot6CAllIj5fvonSssRK",
        "last_login": "2017-08-09T19:28:07.415Z",
        "is_superuser": false,
        "username": "lemk1967",
        "first_name": "\u0414\u0430\u043d\u0438\u0438\u043b",
        "last_name": "\u0415\u0432\u0433\u0435\u043d\u044c\u0435\u0432\u0438\u0447",
        "email": "lemk1967@gmail.com",
        "is_staff": false,
        "is_active": true,
        "date_joined": "2017-04-05T08:39:36.044Z",
        "groups": [],
        "user_permissions": []
    }
},
{
    "model": "auth.user",
    "pk": 8,
    "fields": {
        "password": "!OA5IDA5MT7HNbjELUiH0se78QUD5H1WQ1La3VnnO",
        "last_login": "2017-06-06T19:39:52.838Z",
        "is_superuser": false,
        "username": "lemk1997",
        "first_name": "\u0414\u0430\u043d\u0438\u0438\u043b",
        "last_name": "\u0415\u0432\u0433\u0435\u043d\u044c\u0435\u0432\u0438\u0447",
        "email": "lemk1997@gmail.com",
        "is_staff": false,
        "is_active": true,
        "date_joined": "2017-04-05T17:55:04.270Z",
        "groups": [],
        "user_permissions": []
    }
},
{
    "model": "auth.user",
    "pk": 9,
    "fields": {
        "password": "pbkdf2_sha256$24000$9y1q0qViKsOq$Ng+HEaQZB2xBXmnGyViJtLZNHcj9MUYB+xmqQyLQyQo=",
        "last_login": "2017-04-08T20:09:07.243Z",
        "is_superuser": false,
        "username": "rotmistrov1",
        "first_name": "\u0412\u043e\u043b\u043e\u0434\u0438\u043c\u0438\u0440",
        "last_name": "\u0421\u0443\u043b\u0456\u043c\u0435\u043d\u043a\u043e",
        "email": "sulim@i.ua",
        "is_staff": false,
        "is_active": true,
        "date_joined": "2017-04-08T20:09:06.791Z",
        "groups": [],
        "user_permissions": []
    }
},
{
    "model": "auth.user",
    "pk": 10,
    "fields": {
        "password": "pbkdf2_sha256$24000$s6RwcXXRVbcE$2SYsonoC0jemoVJJxSssgTAexJgFr2YFpqeiqqFXMcM=",
        "last_login": "2017-04-08T20:12:17.787Z",
        "is_superuser": false,
        "username": "demo1",
        "first_name": "Dan",
        "last_name": "Lemk",
        "email": "demo@i.ua",
        "is_staff": false,
        "is_active": true,
        "date_joined": "2017-04-08T20:12:17.392Z",
        "groups": [],
        "user_permissions": []
    }
},
{
    "model": "auth.user",
    "pk": 11,
    "fields": {
        "password": "pbkdf2_sha256$24000$WF0lSAL2yaPs$eYiUQ3g3SwNkT9qGDsyCsFfgSOqVFQHc7C7jQyJHKew=",
        "last_login": "2017-04-10T06:40:58.787Z",
        "is_superuser": false,
        "username": "demo_user",
        "first_name": "",
        "last_name": "",
        "email": "lemk1997@gmail.com",
        "is_staff": false,
        "is_active": true,
        "date_joined": "2017-04-10T06:40:57.544Z",
        "groups": [],
        "user_permissions": []
    }
},
{
    "model": "auth.user",
    "pk": 17,
    "fields": {
        "password": "!nkxyeWJEdgVDtafALJSFpE4NTuOxDqNA8GUXt2Mb",
        "last_login": "2017-05-19T19:39:58.745Z",
        "is_superuser": false,
        "username": "Daniil-Kost",
        "first_name": "",
        "last_name": "",
        "email": "",
        "is_staff": false,
        "is_active": true,
        "date_joined": "2017-05-19T16:46:52.469Z",
        "groups": [],
        "user_permissions": []
    }
},
{
    "model": "auth.user",
    "pk": 18,
    "fields": {
        "password": "!k520cLEUF77c1datSowVw3MtuupSkqXTzlquVg6i",
        "last_login": "2017-05-22T18:26:46.309Z",
        "is_superuser": false,
        "username": "lemk199705210f4fb0f44bfe",
        "first_name": "\u0414\u0430\u043d\u0438\u0438\u043b",
        "last_name": "\u041a\u043e\u0441\u0442\u044b\u0448\u0430\u043a",
        "email": "",
        "is_staff": false,
        "is_active": true,
        "date_joined": "2017-05-20T08:48:18.964Z",
        "groups": [],
        "user_permissions": []
    }
},
{
    "model": "default.usersocialauth",
    "pk": 1,
    "fields": {
        "user": 6,
        "provider": "facebook",
        "uid": "324238691324129",
        "extra_data": "{\"access_token\": \"EAAF4yErolfUBADZC2eK0ZAkOUCBiWg9MfZAG5hUAp4APxC1WxZCnEzo82XAnyRO36U2ZAl9mzcLSk3KCCNCDatv66jWuWW5JztpR2r7ZAeLTIKbCHQU3ZBuVZA5l1BgTcKSKTKbXJ5HOFtNAA92JPYYVmgFNdf9btOQZD\", \"expires\": null, \"id\": \"324238691324129\"}"
    }
},
{
    "model": "default.usersocialauth",
    "pk": 2,
    "fields": {
        "user": 7,
        "provider": "google-oauth2",
        "uid": "lemk1967@gmail.com",
        "extra_data": "{\"token_type\": \"Bearer\", \"access_token\": \"ya29.GluiBFRSs-4Ca5UhlJJEM6Qotm64cmm9_XX0jMTt1LaAlsT0WdFwlrtZ3FWWaC41euz_goHgl5XT_6PX_F4NO6lfvDqRvNwRPgHcoD_1sWCed_GMjo0bx_-4Pkz0\", \"expires\": 3600}"
    }
},
{
    "model": "default.usersocialauth",
    "pk": 3,
    "fields": {
        "user": 8,
        "provider": "google-oauth2",
        "uid": "lemk1997@gmail.com",
        "extra_data": "{\"token_type\": \"Bearer\", \"access_token\": \"ya29.GlxhBDBX8KLvUWFsvcmPzK11ySO-lHuaYS_sXYltDPfNzTKOV-Brus1joO0BFiOBKLrOxL9qOkwPCHSiLx_makBkKwDBUjjCGiEd3Ot3DDi5XHLwfHG8EfjKZdzePQ\", \"expires\": 3583}"
    }
},
{
    "model": "default.usersocialauth",
    "pk": 4,
    "fields": {
        "user": 17,
        "provider": "github",
        "uid": "19404583",
        "extra_data": "{\"access_token\": \"5c86796abeb8e044f9dbc2fdf23070bccac0288b\", \"login\": \"Daniil-Kost\", \"expires\": null, \"id\": 19404583}"
    }
},
{
    "model": "default.usersocialauth",
    "pk": 5,
    "fields": {
        "user": 18,
        "provider": "twitter",
        "uid": "849555967918342144",
        "extra_data": "{\"access_token\": {\"oauth_token_secret\": \"AzDFXXS4ag2DvHEkTn0Ls9TTg11uzX1jPrqHUuXzckSty\", \"user_id\": \"849555967918342144\", \"x_auth_expires\": \"0\", \"oauth_token\": \"849555967918342144-YtWEckI7CKUad4uq8xlqT7JWEV47TRQ\", \"screen_name\": \"lemk1997\"}, \"id\": 849555967918342144}"
    }
},
{
    "model": "admin.logentry",
    "pk": 1,
    "fields": {
        "action_time": "2017-02-20T12:19:16.269Z",
        "user": 1,
        "content_type": 7,
        "object_id": "1",
        "object_repr": "\u0410\u043d\u0434\u0440\u0456\u0439 \u042f\u0440\u043c\u043e\u043b\u0435\u043d\u043a\u043e",
        "action_flag": 1,
        "change_message": "\u0414\u043e\u0434\u0430\u043d\u043e."
    }
},
{
    "model": "admin.logentry",
    "pk": 2,
    "fields": {
        "action_time": "2017-02-22T09:12:24.986Z",
        "user": 1,
        "content_type": 8,
        "object_id": "4",
        "object_repr": "\u041c\u0442\u041c-23",
        "action_flag": 2,
        "change_message": "\u0417\u043c\u0456\u043d\u0435\u043d\u043e stud."
    }
},
{
    "model": "admin.logentry",
    "pk": 3,
    "fields": {
        "action_time": "2017-02-22T19:29:50.372Z",
        "user": 1,
        "content_type": 9,
        "object_id": "1",
        "object_repr": "\u0412\u0441\u0435\u0441\u0432\u0456\u0442\u043d\u044f \u0406\u0441\u0442\u043e\u0440\u0456\u044f (\u041c\u0442\u041c-21)",
        "action_flag": 1,
        "change_message": "\u0414\u043e\u0434\u0430\u043d\u043e."
    }
},
{
    "model": "admin.logentry",
    "pk": 4,
    "fields": {
        "action_time": "2017-03-28T19:39:19.781Z",
        "user": 1,
        "content_type": 4,
        "object_id": "1",
        "object_repr": "lemk",
        "action_flag": 2,
        "change_message": "\u0414\u043e\u0434\u0430\u043d\u043e User Profile \"lemk\"."
    }
},
{
    "model": "admin.logentry",
    "pk": 5,
    "fields": {
        "action_time": "2017-03-29T19:42:22.546Z",
        "user": 1,
        "content_type": 4,
        "object_id": "1",
        "object_repr": "lemk",
        "action_flag": 2,
        "change_message": "\u0417\u043c\u0456\u043d\u0435\u043d\u043e first_name \u0442\u0430 last_name. \u0417\u043c\u0456\u043d\u0435\u043d\u043e first_name \u0442\u0430 last_name \u0434\u043b\u044f User Profile \"lemk\"."
    }
},
{
    "model": "admin.logentry",
    "pk": 6,
    "fields": {
        "action_time": "2017-04-10T17:32:46.912Z",
        "user": 1,
        "content_type": 4,
        "object_id": "13",
        "object_repr": "demo_cat",
        "action_flag": 2,
        "change_message": "\u0417\u043c\u0456\u043d\u0435\u043d\u043e first_name \u0442\u0430 last_name."
    }
},
{
    "model": "admin.logentry",
    "pk": 8,
    "fields": {
        "action_time": "2017-05-14T15:57:34.994Z",
        "user": 1,
        "content_type": 9,
        "object_id": "7",
        "object_repr": "\u041e\u0441\u043d\u043e\u0432\u0438 Python (\u041c\u0442\u041c-11)",
        "action_flag": 2,
        "change_message": "\u041f\u043e\u043b\u044f \u043d\u0435 \u0437\u043c\u0456\u043d\u0435\u043d\u0456."
    }
},
{
    "model": "admin.logentry",
    "pk": 9,
    "fields": {
        "action_time": "2017-05-14T15:57:50.599Z",
        "user": 1,
        "content_type": 9,
        "object_id": "7",
        "object_repr": "\u041e\u0441\u043d\u043e\u0432\u0438 Python (\u041c\u0442\u041c-11)",
        "action_flag": 2,
        "change_message": "\u0417\u043c\u0456\u043d\u0435\u043d\u043e teacher."
    }
}
]
